split,scope,goal_category,goal_specificity,repeat_type,events,eligible_events,hits,rate,eligible_rate,avg_tag_jaccard
dev_test,combined,A,HL,album,208,205,87,0.4182692307692308,0.424390243902439,0.039393131752803075
dev_test,combined,A,HL,artist,208,205,114,0.5480769230769231,0.5560975609756098,0.039393131752803075
dev_test,combined,A,HL,exact,208,205,20,0.09615384615384616,0.0975609756097561,0.039393131752803075
dev_test,combined,A,HL,tag,208,205,198,0.9519230769230769,0.9658536585365853,0.039393131752803075
dev_test,combined,A,LH,album,104,97,38,0.36538461538461536,0.3917525773195876,0.064252220440827
dev_test,combined,A,LH,artist,104,97,52,0.5,0.5360824742268041,0.064252220440827
dev_test,combined,A,LH,exact,104,97,2,0.019230769230769232,0.020618556701030927,0.064252220440827
dev_test,combined,A,LH,tag,104,97,96,0.9230769230769231,0.9896907216494846,0.064252220440827
dev_test,combined,A,LL,album,176,165,71,0.4034090909090909,0.4303030303030303,0.07102455416569799
dev_test,combined,A,LL,artist,176,165,86,0.48863636363636365,0.5212121212121212,0.07102455416569799
dev_test,combined,A,LL,exact,176,165,10,0.056818181818181816,0.06060606060606061,0.07102455416569799
dev_test,combined,A,LL,tag,176,165,164,0.9318181818181818,0.9939393939393939,0.07102455416569799
dev_test,combined,B,HH,album,176,166,66,0.375,0.39759036144578314,0.08692868039839428
dev_test,combined,B,HH,artist,176,166,102,0.5795454545454546,0.6144578313253012,0.08692868039839428
dev_test,combined,B,HH,exact,176,166,8,0.045454545454545456,0.04819277108433735,0.08692868039839428
dev_test,combined,B,HH,tag,176,166,162,0.9204545454545454,0.9759036144578314,0.08692868039839428
dev_test,combined,B,HL,album,336,319,148,0.44047619047619047,0.46394984326018807,0.060570209700627785
dev_test,combined,B,HL,artist,336,319,202,0.6011904761904762,0.6332288401253918,0.060570209700627785
dev_test,combined,B,HL,exact,336,319,16,0.047619047619047616,0.050156739811912224,0.060570209700627785
dev_test,combined,B,HL,tag,336,319,315,0.9375,0.987460815047022,0.060570209700627785
dev_test,combined,B,LH,album,280,257,83,0.29642857142857143,0.3229571984435798,0.08677102593261786
dev_test,combined,B,LH,artist,280,257,134,0.4785714285714286,0.5214007782101168,0.08677102593261786
dev_test,combined,B,LH,exact,280,257,8,0.02857142857142857,0.0311284046692607,0.08677102593261786
dev_test,combined,B,LH,tag,280,257,252,0.9,0.980544747081712,0.08677102593261786
dev_test,combined,B,LL,album,344,324,113,0.32848837209302323,0.3487654320987654,0.06024977682856112
dev_test,combined,B,LL,artist,344,324,153,0.44476744186046513,0.4722222222222222,0.06024977682856112
dev_test,combined,B,LL,exact,344,324,6,0.01744186046511628,0.018518518518518517,0.06024977682856112
dev_test,combined,B,LL,tag,344,324,318,0.9244186046511628,0.9814814814814815,0.06024977682856112
dev_test,combined,C,HH,album,8,7,0,0.0,0.0,0.04774253880479811
dev_test,combined,C,HH,artist,8,7,0,0.0,0.0,0.04774253880479811
dev_test,combined,C,HH,exact,8,7,0,0.0,0.0,0.04774253880479811
dev_test,combined,C,HH,tag,8,7,6,0.75,0.8571428571428571,0.04774253880479811
dev_test,combined,C,HL,album,64,60,22,0.34375,0.36666666666666664,0.09554094355198375
dev_test,combined,C,HL,artist,64,60,29,0.453125,0.48333333333333334,0.09554094355198375
dev_test,combined,C,HL,exact,64,60,0,0.0,0.0,0.09554094355198375
dev_test,combined,C,HL,tag,64,60,58,0.90625,0.9666666666666667,0.09554094355198375
dev_test,combined,C,LH,album,256,239,91,0.35546875,0.3807531380753138,0.08031634972040505
dev_test,combined,C,LH,artist,256,239,112,0.4375,0.4686192468619247,0.08031634972040505
dev_test,combined,C,LH,exact,256,239,4,0.015625,0.016736401673640166,0.08031634972040505
dev_test,combined,C,LH,tag,256,239,232,0.90625,0.9707112970711297,0.08031634972040505
dev_test,combined,C,LL,album,136,128,46,0.3382352941176471,0.359375,0.07501531894023034
dev_test,combined,C,LL,artist,136,128,69,0.5073529411764706,0.5390625,0.07501531894023034
dev_test,combined,C,LL,exact,136,128,8,0.058823529411764705,0.0625,0.07501531894023034
dev_test,combined,C,LL,tag,136,128,127,0.9338235294117647,0.9921875,0.07501531894023034
dev_test,combined,D,HH,album,96,87,36,0.375,0.41379310344827586,0.1194545941211621
dev_test,combined,D,HH,artist,96,87,45,0.46875,0.5172413793103449,0.1194545941211621
dev_test,combined,D,HH,exact,96,87,5,0.052083333333333336,0.05747126436781609,0.1194545941211621
dev_test,combined,D,HH,tag,96,87,86,0.8958333333333334,0.9885057471264368,0.1194545941211621
dev_test,combined,D,HL,album,224,212,63,0.28125,0.2971698113207547,0.04959636822042642
dev_test,combined,D,HL,artist,224,212,96,0.42857142857142855,0.4528301886792453,0.04959636822042642
dev_test,combined,D,HL,exact,224,212,6,0.026785714285714284,0.02830188679245283,0.04959636822042642
dev_test,combined,D,HL,tag,224,212,206,0.9196428571428571,0.9716981132075472,0.04959636822042642
dev_test,combined,D,LH,album,208,195,75,0.3605769230769231,0.38461538461538464,0.08892407813917208
dev_test,combined,D,LH,artist,208,195,106,0.5096153846153846,0.5435897435897435,0.08892407813917208
dev_test,combined,D,LH,exact,208,195,7,0.03365384615384615,0.035897435897435895,0.08892407813917208
dev_test,combined,D,LH,tag,208,195,194,0.9326923076923077,0.9948717948717949,0.08892407813917208
dev_test,combined,D,LL,album,160,153,62,0.3875,0.40522875816993464,0.09390762829720416
dev_test,combined,D,LL,artist,160,153,81,0.50625,0.5294117647058824,0.09390762829720416
dev_test,combined,D,LL,exact,160,153,12,0.075,0.0784313725490196,0.09390762829720416
dev_test,combined,D,LL,tag,160,153,144,0.9,0.9411764705882353,0.09390762829720416
dev_test,combined,E,HH,album,64,59,30,0.46875,0.5084745762711864,0.130315526990304
dev_test,combined,E,HH,artist,64,59,36,0.5625,0.6101694915254238,0.130315526990304
dev_test,combined,E,HH,exact,64,59,1,0.015625,0.01694915254237288,0.130315526990304
dev_test,combined,E,HH,tag,64,59,59,0.921875,1.0,0.130315526990304
dev_test,combined,E,HL,album,128,119,27,0.2109375,0.226890756302521,0.10363131841600007
dev_test,combined,E,HL,artist,128,119,33,0.2578125,0.2773109243697479,0.10363131841600007
dev_test,combined,E,HL,exact,128,119,0,0.0,0.0,0.10363131841600007
dev_test,combined,E,HL,tag,128,119,112,0.875,0.9411764705882353,0.10363131841600007
dev_test,combined,E,LH,album,352,328,132,0.375,0.4024390243902439,0.07434673523038303
dev_test,combined,E,LH,artist,352,328,176,0.5,0.5365853658536586,0.07434673523038303
dev_test,combined,E,LH,exact,352,328,8,0.022727272727272728,0.024390243902439025,0.07434673523038303
dev_test,combined,E,LH,tag,352,328,321,0.9119318181818182,0.9786585365853658,0.07434673523038303
dev_test,combined,E,LL,album,216,200,76,0.35185185185185186,0.38,0.08490363634085357
dev_test,combined,E,LL,artist,216,200,104,0.48148148148148145,0.52,0.08490363634085357
dev_test,combined,E,LL,exact,216,200,10,0.046296296296296294,0.05,0.08490363634085357
dev_test,combined,E,LL,tag,216,200,195,0.9027777777777778,0.975,0.08490363634085357
dev_test,combined,F,HH,album,96,88,49,0.5104166666666666,0.5568181818181818,0.1377210376044041
dev_test,combined,F,HH,artist,96,88,55,0.5729166666666666,0.625,0.1377210376044041
dev_test,combined,F,HH,exact,96,88,3,0.03125,0.03409090909090909,0.1377210376044041
dev_test,combined,F,HH,tag,96,88,80,0.8333333333333334,0.9090909090909091,0.1377210376044041
dev_test,combined,F,HL,album,256,243,99,0.38671875,0.4074074074074074,0.06740395932572406
dev_test,combined,F,HL,artist,256,243,134,0.5234375,0.551440329218107,0.06740395932572406
dev_test,combined,F,HL,exact,256,243,11,0.04296875,0.04526748971193416,0.06740395932572406
dev_test,combined,F,HL,tag,256,243,239,0.93359375,0.9835390946502057,0.06740395932572406
dev_test,combined,F,LH,album,248,230,85,0.34274193548387094,0.3695652173913043,0.07695025329183208
dev_test,combined,F,LH,artist,248,230,117,0.4717741935483871,0.508695652173913,0.07695025329183208
dev_test,combined,F,LH,exact,248,230,11,0.04435483870967742,0.04782608695652174,0.07695025329183208
dev_test,combined,F,LH,tag,248,230,211,0.8508064516129032,0.9173913043478261,0.07695025329183208
dev_test,combined,F,LL,album,160,149,31,0.19375,0.2080536912751678,0.06558586068680425
dev_test,combined,F,LL,artist,160,149,52,0.325,0.348993288590604,0.06558586068680425
dev_test,combined,F,LL,exact,160,149,2,0.0125,0.013422818791946308,0.06558586068680425
dev_test,combined,F,LL,tag,160,149,146,0.9125,0.9798657718120806,0.06558586068680425
dev_test,combined,G,HH,album,40,36,13,0.325,0.3611111111111111,0.09541624404363386
dev_test,combined,G,HH,artist,40,36,19,0.475,0.5277777777777778,0.09541624404363386
dev_test,combined,G,HH,exact,40,36,0,0.0,0.0,0.09541624404363386
dev_test,combined,G,HH,tag,40,36,34,0.85,0.9444444444444444,0.09541624404363386
dev_test,combined,G,HL,album,248,228,84,0.3387096774193548,0.3684210526315789,0.08152350404665978
dev_test,combined,G,HL,artist,248,228,115,0.4637096774193548,0.5043859649122807,0.08152350404665978
dev_test,combined,G,HL,exact,248,228,9,0.036290322580645164,0.039473684210526314,0.08152350404665978
dev_test,combined,G,HL,tag,248,228,214,0.8629032258064516,0.9385964912280702,0.08152350404665978
dev_test,combined,G,LH,album,176,162,38,0.2159090909090909,0.2345679012345679,0.07250391623501433
dev_test,combined,G,LH,artist,176,162,78,0.4431818181818182,0.48148148148148145,0.07250391623501433
dev_test,combined,G,LH,exact,176,162,2,0.011363636363636364,0.012345679012345678,0.07250391623501433
dev_test,combined,G,LH,tag,176,162,157,0.8920454545454546,0.9691358024691358,0.07250391623501433
dev_test,combined,G,LL,album,152,143,41,0.26973684210526316,0.2867132867132867,0.06070039545604535
dev_test,combined,G,LL,artist,152,143,61,0.40131578947368424,0.42657342657342656,0.06070039545604535
dev_test,combined,G,LL,exact,152,143,6,0.039473684210526314,0.04195804195804196,0.06070039545604535
dev_test,combined,G,LL,tag,152,143,137,0.9013157894736842,0.958041958041958,0.06070039545604535
dev_test,combined,H,HH,album,112,102,55,0.49107142857142855,0.5392156862745098,0.12187080905078258
dev_test,combined,H,HH,artist,112,102,74,0.6607142857142857,0.7254901960784313,0.12187080905078258
dev_test,combined,H,HH,exact,112,102,2,0.017857142857142856,0.0196078431372549,0.12187080905078258
dev_test,combined,H,HH,tag,112,102,101,0.9017857142857143,0.9901960784313726,0.12187080905078258
dev_test,combined,H,HL,album,384,364,113,0.2942708333333333,0.31043956043956045,0.06858780239747035
dev_test,combined,H,HL,artist,384,364,160,0.4166666666666667,0.43956043956043955,0.06858780239747035
dev_test,combined,H,HL,exact,384,364,11,0.028645833333333332,0.03021978021978022,0.06858780239747035
dev_test,combined,H,HL,tag,384,364,353,0.9192708333333334,0.9697802197802198,0.06858780239747035
dev_test,combined,H,LH,album,312,299,116,0.3717948717948718,0.3879598662207358,0.0654908285238093
dev_test,combined,H,LH,artist,312,299,169,0.5416666666666666,0.5652173913043478,0.0654908285238093
dev_test,combined,H,LH,exact,312,299,10,0.03205128205128205,0.033444816053511704,0.0654908285238093
dev_test,combined,H,LH,tag,312,299,296,0.9487179487179487,0.9899665551839465,0.0654908285238093
dev_test,combined,H,LL,album,272,255,77,0.28308823529411764,0.30196078431372547,0.06629039663302064
dev_test,combined,H,LL,artist,272,255,112,0.4117647058823529,0.4392156862745098,0.06629039663302064
dev_test,combined,H,LL,exact,272,255,2,0.007352941176470588,0.00784313725490196,0.06629039663302064
dev_test,combined,H,LL,tag,272,255,248,0.9117647058823529,0.9725490196078431,0.06629039663302064
dev_test,combined,I,HH,album,24,22,6,0.25,0.2727272727272727,0.09924440899445898
dev_test,combined,I,HH,artist,24,22,8,0.3333333333333333,0.36363636363636365,0.09924440899445898
dev_test,combined,I,HH,exact,24,22,2,0.08333333333333333,0.09090909090909091,0.09924440899445898
dev_test,combined,I,HH,tag,24,22,22,0.9166666666666666,1.0,0.09924440899445898
dev_test,combined,I,HL,album,16,14,4,0.25,0.2857142857142857,0.04659794936432582
dev_test,combined,I,HL,artist,16,14,4,0.25,0.2857142857142857,0.04659794936432582
dev_test,combined,I,HL,exact,16,14,0,0.0,0.0,0.04659794936432582
dev_test,combined,I,HL,tag,16,14,14,0.875,1.0,0.04659794936432582
dev_test,combined,I,LH,album,64,60,24,0.375,0.4,0.0768734182453151
dev_test,combined,I,LH,artist,64,60,29,0.453125,0.48333333333333334,0.0768734182453151
dev_test,combined,I,LH,exact,64,60,12,0.1875,0.2,0.0768734182453151
dev_test,combined,I,LH,tag,64,60,59,0.921875,0.9833333333333333,0.0768734182453151
dev_test,combined,I,LL,album,40,36,2,0.05,0.05555555555555555,0.05306004290237922
dev_test,combined,I,LL,artist,40,36,7,0.175,0.19444444444444445,0.05306004290237922
dev_test,combined,I,LL,exact,40,36,0,0.0,0.0,0.05306004290237922
dev_test,combined,I,LL,tag,40,36,29,0.725,0.8055555555555556,0.05306004290237922
dev_test,combined,J,HH,album,80,73,26,0.325,0.3561643835616438,0.0977439911994326
dev_test,combined,J,HH,artist,80,73,42,0.525,0.5753424657534246,0.0977439911994326
dev_test,combined,J,HH,exact,80,73,1,0.0125,0.0136986301369863,0.0977439911994326
dev_test,combined,J,HH,tag,80,73,70,0.875,0.958904109589041,0.0977439911994326
dev_test,combined,J,HL,album,240,223,82,0.3416666666666667,0.36771300448430494,0.08176773183176252
dev_test,combined,J,HL,artist,240,223,121,0.5041666666666667,0.5426008968609866,0.08176773183176252
dev_test,combined,J,HL,exact,240,223,12,0.05,0.053811659192825115,0.08176773183176252
dev_test,combined,J,HL,tag,240,223,213,0.8875,0.9551569506726457,0.08176773183176252
dev_test,combined,J,LH,album,128,118,43,0.3359375,0.3644067796610169,0.0723830884886906
dev_test,combined,J,LH,artist,128,118,57,0.4453125,0.4830508474576271,0.0723830884886906
dev_test,combined,J,LH,exact,128,118,4,0.03125,0.03389830508474576,0.0723830884886906
dev_test,combined,J,LH,tag,128,118,114,0.890625,0.9661016949152542,0.0723830884886906
dev_test,combined,J,LL,album,168,159,35,0.20833333333333334,0.22012578616352202,0.05218715286151347
dev_test,combined,J,LL,artist,168,159,46,0.27380952380952384,0.2893081761006289,0.05218715286151347
dev_test,combined,J,LL,exact,168,159,4,0.023809523809523808,0.025157232704402517,0.05218715286151347
dev_test,combined,J,LL,tag,168,159,155,0.9226190476190477,0.9748427672955975,0.05218715286151347
dev_test,combined,K,HH,album,120,116,38,0.31666666666666665,0.3275862068965517,0.046407580981138764
dev_test,combined,K,HH,artist,120,116,47,0.39166666666666666,0.4051724137931034,0.046407580981138764
dev_test,combined,K,HH,exact,120,116,9,0.075,0.07758620689655173,0.046407580981138764
dev_test,combined,K,HH,tag,120,116,115,0.9583333333333334,0.9913793103448276,0.046407580981138764
dev_test,combined,K,HL,album,352,332,108,0.3068181818181818,0.3253012048192771,0.060893894396802525
dev_test,combined,K,HL,artist,352,332,159,0.45170454545454547,0.4789156626506024,0.060893894396802525
dev_test,combined,K,HL,exact,352,332,14,0.03977272727272727,0.04216867469879518,0.060893894396802525
dev_test,combined,K,HL,tag,352,332,323,0.9176136363636364,0.9728915662650602,0.060893894396802525
dev_test,combined,K,LH,album,376,355,120,0.3191489361702128,0.3380281690140845,0.05946961840133355
dev_test,combined,K,LH,artist,376,355,176,0.46808510638297873,0.49577464788732395,0.05946961840133355
dev_test,combined,K,LH,exact,376,355,10,0.026595744680851064,0.028169014084507043,0.05946961840133355
dev_test,combined,K,LH,tag,376,355,349,0.9281914893617021,0.9830985915492958,0.05946961840133355
dev_test,combined,K,LL,album,400,373,92,0.23,0.24664879356568364,0.06972699730139743
dev_test,combined,K,LL,artist,400,373,142,0.355,0.3806970509383378,0.06972699730139743
dev_test,combined,K,LL,exact,400,373,12,0.03,0.032171581769437,0.06972699730139743
dev_test,combined,K,LL,tag,400,373,368,0.92,0.9865951742627346,0.06972699730139743
dev_test,session,A,HL,album,208,182,56,0.2692307692307692,0.3076923076923077,0.10709444898403937
dev_test,session,A,HL,artist,208,182,86,0.41346153846153844,0.4725274725274725,0.10709444898403937
dev_test,session,A,HL,exact,208,182,0,0.0,0.0,0.10709444898403937
dev_test,session,A,HL,tag,208,182,174,0.8365384615384616,0.9560439560439561,0.10709444898403937
dev_test,session,A,LH,album,104,91,36,0.34615384615384615,0.3956043956043956,0.09889962925158888
dev_test,session,A,LH,artist,104,91,50,0.4807692307692308,0.5494505494505495,0.09889962925158888
dev_test,session,A,LH,exact,104,91,0,0.0,0.0,0.09889962925158888
dev_test,session,A,LH,tag,104,91,90,0.8653846153846154,0.989010989010989,0.09889962925158888
dev_test,session,A,LL,album,176,154,66,0.375,0.42857142857142855,0.11652379301935395
dev_test,session,A,LL,artist,176,154,79,0.44886363636363635,0.512987012987013,0.11652379301935395
dev_test,session,A,LL,exact,176,154,0,0.0,0.0,0.11652379301935395
dev_test,session,A,LL,tag,176,154,152,0.8636363636363636,0.987012987012987,0.11652379301935395
dev_test,session,B,HH,album,176,154,59,0.3352272727272727,0.38311688311688313,0.10272826212618638
dev_test,session,B,HH,artist,176,154,90,0.5113636363636364,0.5844155844155844,0.10272826212618638
dev_test,session,B,HH,exact,176,154,0,0.0,0.0,0.10272826212618638
dev_test,session,B,HH,tag,176,154,149,0.8465909090909091,0.9675324675324676,0.10272826212618638
dev_test,session,B,HL,album,336,294,125,0.37202380952380953,0.42517006802721086,0.10186203811947758
dev_test,session,B,HL,artist,336,294,171,0.5089285714285714,0.5816326530612245,0.10186203811947758
dev_test,session,B,HL,exact,336,294,0,0.0,0.0,0.10186203811947758
dev_test,session,B,HL,tag,336,294,286,0.8511904761904762,0.9727891156462585,0.10186203811947758
dev_test,session,B,LH,album,280,245,73,0.26071428571428573,0.2979591836734694,0.0998457665779673
dev_test,session,B,LH,artist,280,245,125,0.44642857142857145,0.5102040816326531,0.0998457665779673
dev_test,session,B,LH,exact,280,245,0,0.0,0.0,0.0998457665779673
dev_test,session,B,LH,tag,280,245,240,0.8571428571428571,0.9795918367346939,0.0998457665779673
dev_test,session,B,LL,album,344,301,99,0.2877906976744186,0.3289036544850498,0.08660802235616892
dev_test,session,B,LL,artist,344,301,132,0.38372093023255816,0.43853820598006643,0.08660802235616892
dev_test,session,B,LL,exact,344,301,0,0.0,0.0,0.08660802235616892
dev_test,session,B,LL,tag,344,301,292,0.8488372093023255,0.9700996677740864,0.08660802235616892
dev_test,session,C,HH,album,8,7,0,0.0,0.0,0.04774253880479811
dev_test,session,C,HH,artist,8,7,0,0.0,0.0,0.04774253880479811
dev_test,session,C,HH,exact,8,7,0,0.0,0.0,0.04774253880479811
dev_test,session,C,HH,tag,8,7,6,0.75,0.8571428571428571,0.04774253880479811
dev_test,session,C,HL,album,64,56,21,0.328125,0.375,0.1377656413711819
dev_test,session,C,HL,artist,64,56,28,0.4375,0.5,0.1377656413711819
dev_test,session,C,HL,exact,64,56,0,0.0,0.0,0.1377656413711819
dev_test,session,C,HL,tag,64,56,53,0.828125,0.9464285714285714,0.1377656413711819
dev_test,session,C,LH,album,256,224,82,0.3203125,0.36607142857142855,0.1148697641739331
dev_test,session,C,LH,artist,256,224,103,0.40234375,0.45982142857142855,0.1148697641739331
dev_test,session,C,LH,exact,256,224,0,0.0,0.0,0.1148697641739331
dev_test,session,C,LH,tag,256,224,211,0.82421875,0.9419642857142857,0.1148697641739331
dev_test,session,C,LL,album,136,119,27,0.19852941176470587,0.226890756302521,0.10013445092749435
dev_test,session,C,LL,artist,136,119,46,0.3382352941176471,0.3865546218487395,0.10013445092749435
dev_test,session,C,LL,exact,136,119,0,0.0,0.0,0.10013445092749435
dev_test,session,C,LL,tag,136,119,117,0.8602941176470589,0.9831932773109243,0.10013445092749435
dev_test,session,D,HH,album,96,84,29,0.3020833333333333,0.34523809523809523,0.20482495382780272
dev_test,session,D,HH,artist,96,84,39,0.40625,0.4642857142857143,0.20482495382780272
dev_test,session,D,HH,exact,96,84,0,0.0,0.0,0.20482495382780272
dev_test,session,D,HH,tag,96,84,83,0.8645833333333334,0.9880952380952381,0.20482495382780272
dev_test,session,D,HL,album,224,196,52,0.23214285714285715,0.2653061224489796,0.08480336181794303
dev_test,session,D,HL,artist,224,196,81,0.36160714285714285,0.413265306122449,0.08480336181794303
dev_test,session,D,HL,exact,224,196,0,0.0,0.0,0.08480336181794303
dev_test,session,D,HL,tag,224,196,187,0.8348214285714286,0.9540816326530612,0.08480336181794303
dev_test,session,D,LH,album,208,182,65,0.3125,0.35714285714285715,0.12890192162745467
dev_test,session,D,LH,artist,208,182,86,0.41346153846153844,0.4725274725274725,0.12890192162745467
dev_test,session,D,LH,exact,208,182,0,0.0,0.0,0.12890192162745467
dev_test,session,D,LH,tag,208,182,180,0.8653846153846154,0.989010989010989,0.12890192162745467
dev_test,session,D,LL,album,160,140,54,0.3375,0.38571428571428573,0.12927863613092888
dev_test,session,D,LL,artist,160,140,71,0.44375,0.5071428571428571,0.12927863613092888
dev_test,session,D,LL,exact,160,140,0,0.0,0.0,0.12927863613092888
dev_test,session,D,LL,tag,160,140,129,0.80625,0.9214285714285714,0.12927863613092888
dev_test,session,E,HH,album,64,56,27,0.421875,0.48214285714285715,0.15150204739251222
dev_test,session,E,HH,artist,64,56,35,0.546875,0.625,0.15150204739251222
dev_test,session,E,HH,exact,64,56,0,0.0,0.0,0.15150204739251222
dev_test,session,E,HH,tag,64,56,56,0.875,1.0,0.15150204739251222
dev_test,session,E,HL,album,128,112,26,0.203125,0.23214285714285715,0.129720347461033
dev_test,session,E,HL,artist,128,112,29,0.2265625,0.25892857142857145,0.129720347461033
dev_test,session,E,HL,exact,128,112,0,0.0,0.0,0.129720347461033
dev_test,session,E,HL,tag,128,112,105,0.8203125,0.9375,0.129720347461033
dev_test,session,E,LH,album,352,308,114,0.32386363636363635,0.37012987012987014,0.10073012494338919
dev_test,session,E,LH,artist,352,308,150,0.42613636363636365,0.487012987012987,0.10073012494338919
dev_test,session,E,LH,exact,352,308,0,0.0,0.0,0.10073012494338919
dev_test,session,E,LH,tag,352,308,300,0.8522727272727273,0.974025974025974,0.10073012494338919
dev_test,session,E,LL,album,216,189,65,0.30092592592592593,0.3439153439153439,0.11312154203163592
dev_test,session,E,LL,artist,216,189,91,0.4212962962962963,0.48148148148148145,0.11312154203163592
dev_test,session,E,LL,exact,216,189,0,0.0,0.0,0.11312154203163592
dev_test,session,E,LL,tag,216,189,185,0.8564814814814815,0.9788359788359788,0.11312154203163592
dev_test,session,F,HH,album,96,84,44,0.4583333333333333,0.5238095238095238,0.14849624136136666
dev_test,session,F,HH,artist,96,84,51,0.53125,0.6071428571428571,0.14849624136136666
dev_test,session,F,HH,exact,96,84,0,0.0,0.0,0.14849624136136666
dev_test,session,F,HH,tag,96,84,77,0.8020833333333334,0.9166666666666666,0.14849624136136666
dev_test,session,F,HL,album,256,224,85,0.33203125,0.3794642857142857,0.10924189025562342
dev_test,session,F,HL,artist,256,224,116,0.453125,0.5178571428571429,0.10924189025562342
dev_test,session,F,HL,exact,256,224,0,0.0,0.0,0.10924189025562342
dev_test,session,F,HL,tag,256,224,217,0.84765625,0.96875,0.10924189025562342
dev_test,session,F,LH,album,248,217,77,0.31048387096774194,0.3548387096774194,0.10396245853715874
dev_test,session,F,LH,artist,248,217,112,0.45161290322580644,0.5161290322580645,0.10396245853715874
dev_test,session,F,LH,exact,248,217,0,0.0,0.0,0.10396245853715874
dev_test,session,F,LH,tag,248,217,200,0.8064516129032258,0.9216589861751152,0.10396245853715874
dev_test,session,F,LL,album,160,140,27,0.16875,0.19285714285714287,0.08695799960368551
dev_test,session,F,LL,artist,160,140,45,0.28125,0.32142857142857145,0.08695799960368551
dev_test,session,F,LL,exact,160,140,0,0.0,0.0,0.08695799960368551
dev_test,session,F,LL,tag,160,140,136,0.85,0.9714285714285714,0.08695799960368551
dev_test,session,G,HH,album,40,35,13,0.325,0.37142857142857144,0.10658220986549741
dev_test,session,G,HH,artist,40,35,19,0.475,0.5428571428571428,0.10658220986549741
dev_test,session,G,HH,exact,40,35,0,0.0,0.0,0.10658220986549741
dev_test,session,G,HH,tag,40,35,33,0.825,0.9428571428571428,0.10658220986549741
dev_test,session,G,HL,album,248,217,75,0.3024193548387097,0.3456221198156682,0.1152692228622816
dev_test,session,G,HL,artist,248,217,102,0.4112903225806452,0.4700460829493088,0.1152692228622816
dev_test,session,G,HL,exact,248,217,0,0.0,0.0,0.1152692228622816
dev_test,session,G,HL,tag,248,217,204,0.8225806451612904,0.9400921658986175,0.1152692228622816
dev_test,session,G,LH,album,176,154,36,0.20454545454545456,0.23376623376623376,0.07934284120975045
dev_test,session,G,LH,artist,176,154,70,0.3977272727272727,0.45454545454545453,0.07934284120975045
dev_test,session,G,LH,exact,176,154,0,0.0,0.0,0.07934284120975045
dev_test,session,G,LH,tag,176,154,149,0.8465909090909091,0.9675324675324676,0.07934284120975045
dev_test,session,G,LL,album,152,133,33,0.21710526315789475,0.24812030075187969,0.10572010462415944
dev_test,session,G,LL,artist,152,133,51,0.3355263157894737,0.38345864661654133,0.10572010462415944
dev_test,session,G,LL,exact,152,133,0,0.0,0.0,0.10572010462415944
dev_test,session,G,LL,tag,152,133,125,0.8223684210526315,0.9398496240601504,0.10572010462415944
dev_test,session,H,HH,album,112,98,51,0.45535714285714285,0.5204081632653061,0.1454397165764398
dev_test,session,H,HH,artist,112,98,72,0.6428571428571429,0.7346938775510204,0.1454397165764398
dev_test,session,H,HH,exact,112,98,0,0.0,0.0,0.1454397165764398
dev_test,session,H,HH,tag,112,98,97,0.8660714285714286,0.9897959183673469,0.1454397165764398
dev_test,session,H,HL,album,384,336,102,0.265625,0.30357142857142855,0.10640905748259295
dev_test,session,H,HL,artist,384,336,144,0.375,0.42857142857142855,0.10640905748259295
dev_test,session,H,HL,exact,384,336,0,0.0,0.0,0.10640905748259295
dev_test,session,H,HL,tag,384,336,323,0.8411458333333334,0.9613095238095238,0.10640905748259295
dev_test,session,H,LH,album,312,273,99,0.3173076923076923,0.3626373626373626,0.09647513436460162
dev_test,session,H,LH,artist,312,273,146,0.46794871794871795,0.5347985347985348,0.09647513436460162
dev_test,session,H,LH,exact,312,273,0,0.0,0.0,0.09647513436460162
dev_test,session,H,LH,tag,312,273,271,0.8685897435897436,0.9926739926739927,0.09647513436460162
dev_test,session,H,LL,album,272,238,67,0.24632352941176472,0.2815126050420168,0.09363677540130176
dev_test,session,H,LL,artist,272,238,94,0.34558823529411764,0.3949579831932773,0.09363677540130176
dev_test,session,H,LL,exact,272,238,0,0.0,0.0,0.09363677540130176
dev_test,session,H,LL,tag,272,238,225,0.8272058823529411,0.9453781512605042,0.09363677540130176
dev_test,session,I,HH,album,24,21,3,0.125,0.14285714285714285,0.09398384356585747
dev_test,session,I,HH,artist,24,21,5,0.20833333333333334,0.23809523809523808,0.09398384356585747
dev_test,session,I,HH,exact,24,21,0,0.0,0.0,0.09398384356585747
dev_test,session,I,HH,tag,24,21,21,0.875,1.0,0.09398384356585747
dev_test,session,I,HL,album,16,14,4,0.25,0.2857142857142857,0.04659794936432582
dev_test,session,I,HL,artist,16,14,4,0.25,0.2857142857142857,0.04659794936432582
dev_test,session,I,HL,exact,16,14,0,0.0,0.0,0.04659794936432582
dev_test,session,I,HL,tag,16,14,14,0.875,1.0,0.04659794936432582
dev_test,session,I,LH,album,64,56,12,0.1875,0.21428571428571427,0.08301110689792253
dev_test,session,I,LH,artist,64,56,20,0.3125,0.35714285714285715,0.08301110689792253
dev_test,session,I,LH,exact,64,56,0,0.0,0.0,0.08301110689792253
dev_test,session,I,LH,tag,64,56,55,0.859375,0.9821428571428571,0.08301110689792253
dev_test,session,I,LL,album,40,35,2,0.05,0.05714285714285714,0.05651004194521212
dev_test,session,I,LL,artist,40,35,7,0.175,0.2,0.05651004194521212
dev_test,session,I,LL,exact,40,35,0,0.0,0.0,0.05651004194521212
dev_test,session,I,LL,tag,40,35,29,0.725,0.8285714285714286,0.05651004194521212
dev_test,session,J,HH,album,80,70,25,0.3125,0.35714285714285715,0.10566886614894004
dev_test,session,J,HH,artist,80,70,40,0.5,0.5714285714285714,0.10566886614894004
dev_test,session,J,HH,exact,80,70,0,0.0,0.0,0.10566886614894004
dev_test,session,J,HH,tag,80,70,69,0.8625,0.9857142857142858,0.10566886614894004
dev_test,session,J,HL,album,240,210,70,0.2916666666666667,0.3333333333333333,0.10617609651054821
dev_test,session,J,HL,artist,240,210,104,0.43333333333333335,0.49523809523809526,0.10617609651054821
dev_test,session,J,HL,exact,240,210,0,0.0,0.0,0.10617609651054821
dev_test,session,J,HL,tag,240,210,199,0.8291666666666667,0.9476190476190476,0.10617609651054821
dev_test,session,J,LH,album,128,112,37,0.2890625,0.33035714285714285,0.07774415536367432
dev_test,session,J,LH,artist,128,112,49,0.3828125,0.4375,0.07774415536367432
dev_test,session,J,LH,exact,128,112,0,0.0,0.0,0.07774415536367432
dev_test,session,J,LH,tag,128,112,110,0.859375,0.9821428571428571,0.07774415536367432
dev_test,session,J,LL,album,168,147,26,0.15476190476190477,0.17687074829931973,0.07314346240182011
dev_test,session,J,LL,artist,168,147,36,0.21428571428571427,0.24489795918367346,0.07314346240182011
dev_test,session,J,LL,exact,168,147,0,0.0,0.0,0.07314346240182011
dev_test,session,J,LL,tag,168,147,139,0.8273809523809523,0.9455782312925171,0.07314346240182011
dev_test,session,K,HH,album,120,105,30,0.25,0.2857142857142857,0.08552068779546416
dev_test,session,K,HH,artist,120,105,36,0.3,0.34285714285714286,0.08552068779546416
dev_test,session,K,HH,exact,120,105,0,0.0,0.0,0.08552068779546416
dev_test,session,K,HH,tag,120,105,103,0.8583333333333333,0.9809523809523809,0.08552068779546416
dev_test,session,K,HL,album,352,308,86,0.24431818181818182,0.2792207792207792,0.09623474752651213
dev_test,session,K,HL,artist,352,308,130,0.3693181818181818,0.42207792207792205,0.09623474752651213
dev_test,session,K,HL,exact,352,308,0,0.0,0.0,0.09623474752651213
dev_test,session,K,HL,tag,352,308,299,0.8494318181818182,0.9707792207792207,0.09623474752651213
dev_test,session,K,LH,album,376,329,99,0.2632978723404255,0.3009118541033435,0.08851374390491219
dev_test,session,K,LH,artist,376,329,151,0.4015957446808511,0.45896656534954405,0.08851374390491219
dev_test,session,K,LH,exact,376,329,0,0.0,0.0,0.08851374390491219
dev_test,session,K,LH,tag,376,329,320,0.851063829787234,0.9726443768996961,0.08851374390491219
dev_test,session,K,LL,album,400,350,79,0.1975,0.2257142857142857,0.08563833071064984
dev_test,session,K,LL,artist,400,350,127,0.3175,0.3628571428571429,0.08563833071064984
dev_test,session,K,LL,exact,400,350,0,0.0,0.0,0.08563833071064984
dev_test,session,K,LL,tag,400,350,345,0.8625,0.9857142857142858,0.08563833071064984
dev_test,user,A,HL,album,208,184,44,0.21153846153846154,0.2391304347826087,0.031070597301052508
dev_test,user,A,HL,artist,208,184,77,0.3701923076923077,0.41847826086956524,0.031070597301052508
dev_test,user,A,HL,exact,208,184,20,0.09615384615384616,0.10869565217391304,0.031070597301052508
dev_test,user,A,HL,tag,208,184,182,0.875,0.9891304347826086,0.031070597301052508
dev_test,user,A,LH,album,104,48,2,0.019230769230769232,0.041666666666666664,0.013794859199842559
dev_test,user,A,LH,artist,104,48,2,0.019230769230769232,0.041666666666666664,0.013794859199842559
dev_test,user,A,LH,exact,104,48,2,0.019230769230769232,0.041666666666666664,0.013794859199842559
dev_test,user,A,LH,tag,104,48,45,0.4326923076923077,0.9375,0.013794859199842559
dev_test,user,A,LL,album,176,88,20,0.11363636363636363,0.22727272727272727,0.027903275430726106
dev_test,user,A,LL,artist,176,88,24,0.13636363636363635,0.2727272727272727,0.027903275430726106
dev_test,user,A,LL,exact,176,88,10,0.056818181818181816,0.11363636363636363,0.027903275430726106
dev_test,user,A,LL,tag,176,88,84,0.4772727272727273,0.9545454545454546,0.027903275430726106
dev_test,user,B,HH,album,176,96,21,0.11931818181818182,0.21875,0.03858205957836059
dev_test,user,B,HH,artist,176,96,32,0.18181818181818182,0.3333333333333333,0.03858205957836059
dev_test,user,B,HH,exact,176,96,8,0.045454545454545456,0.08333333333333333,0.03858205957836059
dev_test,user,B,HH,tag,176,96,93,0.5284090909090909,0.96875,0.03858205957836059
dev_test,user,B,HL,album,336,200,37,0.11011904761904762,0.185,0.022229669745107254
dev_test,user,B,HL,artist,336,200,76,0.2261904761904762,0.38,0.022229669745107254
dev_test,user,B,HL,exact,336,200,16,0.047619047619047616,0.08,0.022229669745107254
dev_test,user,B,HL,tag,336,200,199,0.5922619047619048,0.995,0.022229669745107254
dev_test,user,B,LH,album,280,96,24,0.08571428571428572,0.25,0.018462267468183118
dev_test,user,B,LH,artist,280,96,31,0.11071428571428571,0.3229166666666667,0.018462267468183118
dev_test,user,B,LH,exact,280,96,8,0.02857142857142857,0.08333333333333333,0.018462267468183118
dev_test,user,B,LH,tag,280,96,94,0.3357142857142857,0.9791666666666666,0.018462267468183118
dev_test,user,B,LL,album,344,184,22,0.06395348837209303,0.11956521739130435,0.017889608836265756
dev_test,user,B,LL,artist,344,184,37,0.10755813953488372,0.20108695652173914,0.017889608836265756
dev_test,user,B,LL,exact,344,184,6,0.01744186046511628,0.03260869565217391,0.017889608836265756
dev_test,user,B,LL,tag,344,184,171,0.49709302325581395,0.9293478260869565,0.017889608836265756
dev_test,user,C,HH,album,8,0,0,0.0,0.0,0.0
dev_test,user,C,HH,artist,8,0,0,0.0,0.0,0.0
dev_test,user,C,HH,exact,8,0,0,0.0,0.0,0.0
dev_test,user,C,HH,tag,8,0,0,0.0,0.0,0.0
dev_test,user,C,HL,album,64,32,1,0.015625,0.03125,0.0160507339100896
dev_test,user,C,HL,artist,64,32,3,0.046875,0.09375,0.0160507339100896
dev_test,user,C,HL,exact,64,32,0,0.0,0.0,0.0160507339100896
dev_test,user,C,HL,tag,64,32,29,0.453125,0.90625,0.0160507339100896
dev_test,user,C,LH,album,256,120,14,0.0546875,0.11666666666666667,0.020038314566885304
dev_test,user,C,LH,artist,256,120,21,0.08203125,0.175,0.020038314566885304
dev_test,user,C,LH,exact,256,120,4,0.015625,0.03333333333333333,0.020038314566885304
dev_test,user,C,LH,tag,256,120,114,0.4453125,0.95,0.020038314566885304
dev_test,user,C,LL,album,136,72,23,0.16911764705882354,0.3194444444444444,0.035049300626090685
dev_test,user,C,LL,artist,136,72,37,0.27205882352941174,0.5138888888888888,0.035049300626090685
dev_test,user,C,LL,exact,136,72,8,0.058823529411764705,0.1111111111111111,0.035049300626090685
dev_test,user,C,LL,tag,136,72,71,0.5220588235294118,0.9861111111111112,0.035049300626090685
dev_test,user,D,HH,album,96,24,12,0.125,0.5,0.010810175231211215
dev_test,user,D,HH,artist,96,24,15,0.15625,0.625,0.010810175231211215
dev_test,user,D,HH,exact,96,24,5,0.052083333333333336,0.20833333333333334,0.010810175231211215
dev_test,user,D,HH,tag,96,24,24,0.25,1.0,0.010810175231211215
dev_test,user,D,HL,album,224,128,17,0.07589285714285714,0.1328125,0.017761932336943988
dev_test,user,D,HL,artist,224,128,25,0.11160714285714286,0.1953125,0.017761932336943988
dev_test,user,D,HL,exact,224,128,6,0.026785714285714284,0.046875,0.017761932336943988
dev_test,user,D,HL,tag,224,128,121,0.5401785714285714,0.9453125,0.017761932336943988
dev_test,user,D,LH,album,208,104,24,0.11538461538461539,0.23076923076923078,0.04755066200472961
dev_test,user,D,LH,artist,208,104,46,0.22115384615384615,0.4423076923076923,0.04755066200472961
dev_test,user,D,LH,exact,208,104,7,0.03365384615384615,0.0673076923076923,0.04755066200472961
dev_test,user,D,LH,tag,208,104,101,0.4855769230769231,0.9711538461538461,0.04755066200472961
dev_test,user,D,LL,album,160,104,21,0.13125,0.20192307692307693,0.03204225518526076
dev_test,user,D,LL,artist,160,104,24,0.15,0.23076923076923078,0.03204225518526076
dev_test,user,D,LL,exact,160,104,12,0.075,0.11538461538461539,0.03204225518526076
dev_test,user,D,LL,tag,160,104,95,0.59375,0.9134615384615384,0.03204225518526076
dev_test,user,E,HH,album,64,24,8,0.125,0.3333333333333333,0.034545816893380224
dev_test,user,E,HH,artist,64,24,7,0.109375,0.2916666666666667,0.034545816893380224
dev_test,user,E,HH,exact,64,24,1,0.015625,0.041666666666666664,0.034545816893380224
dev_test,user,E,HH,tag,64,24,24,0.375,1.0,0.034545816893380224
dev_test,user,E,HL,album,128,56,2,0.015625,0.03571428571428571,0.017814573299248786
dev_test,user,E,HL,artist,128,56,8,0.0625,0.14285714285714285,0.017814573299248786
dev_test,user,E,HL,exact,128,56,0,0.0,0.0,0.017814573299248786
dev_test,user,E,HL,tag,128,56,55,0.4296875,0.9821428571428571,0.017814573299248786
dev_test,user,E,LH,album,352,160,26,0.07386363636363637,0.1625,0.016648074531058453
dev_test,user,E,LH,artist,352,160,51,0.14488636363636365,0.31875,0.016648074531058453
dev_test,user,E,LH,exact,352,160,8,0.022727272727272728,0.05,0.016648074531058453
dev_test,user,E,LH,tag,352,160,140,0.3977272727272727,0.875,0.016648074531058453
dev_test,user,E,LL,album,216,88,25,0.11574074074074074,0.2840909090909091,0.015297771843866003
dev_test,user,E,LL,artist,216,88,31,0.14351851851851852,0.3522727272727273,0.015297771843866003
dev_test,user,E,LL,exact,216,88,10,0.046296296296296294,0.11363636363636363,0.015297771843866003
dev_test,user,E,LL,tag,216,88,76,0.35185185185185186,0.8636363636363636,0.015297771843866003
dev_test,user,F,HH,album,96,32,10,0.10416666666666667,0.3125,0.022629054994194514
dev_test,user,F,HH,artist,96,32,11,0.11458333333333333,0.34375,0.022629054994194514
dev_test,user,F,HH,exact,96,32,3,0.03125,0.09375,0.022629054994194514
dev_test,user,F,HH,tag,96,32,28,0.2916666666666667,0.875,0.022629054994194514
dev_test,user,F,HL,album,256,152,23,0.08984375,0.1513157894736842,0.018320856134340785
dev_test,user,F,HL,artist,256,152,28,0.109375,0.18421052631578946,0.018320856134340785
dev_test,user,F,HL,exact,256,152,11,0.04296875,0.07236842105263158,0.018320856134340785
dev_test,user,F,HL,tag,256,152,147,0.57421875,0.9671052631578947,0.018320856134340785
dev_test,user,F,LH,album,248,104,18,0.07258064516129033,0.17307692307692307,0.011998804974282311
dev_test,user,F,LH,artist,248,104,19,0.07661290322580645,0.18269230769230768,0.011998804974282311
dev_test,user,F,LH,exact,248,104,11,0.04435483870967742,0.10576923076923077,0.011998804974282311
dev_test,user,F,LH,tag,248,104,91,0.36693548387096775,0.875,0.011998804974282311
dev_test,user,F,LL,album,160,72,5,0.03125,0.06944444444444445,0.011733212351657673
dev_test,user,F,LL,artist,160,72,9,0.05625,0.125,0.011733212351657673
dev_test,user,F,LL,exact,160,72,2,0.0125,0.027777777777777776,0.011733212351657673
dev_test,user,F,LL,tag,160,72,68,0.425,0.9444444444444444,0.011733212351657673
dev_test,user,G,HH,album,40,8,0,0.0,0.0,0.007957621225304565
dev_test,user,G,HH,artist,40,8,0,0.0,0.0,0.007957621225304565
dev_test,user,G,HH,exact,40,8,0,0.0,0.0,0.007957621225304565
dev_test,user,G,HH,tag,40,8,8,0.2,1.0,0.007957621225304565
dev_test,user,G,HL,album,248,88,19,0.07661290322580645,0.2159090909090909,0.010769779825523356
dev_test,user,G,HL,artist,248,88,34,0.13709677419354838,0.38636363636363635,0.010769779825523356
dev_test,user,G,HL,exact,248,88,9,0.036290322580645164,0.10227272727272728,0.010769779825523356
dev_test,user,G,HL,tag,248,88,76,0.3064516129032258,0.8636363636363636,0.010769779825523356
dev_test,user,G,LH,album,176,64,2,0.011363636363636364,0.03125,0.019758222963005504
dev_test,user,G,LH,artist,176,64,10,0.056818181818181816,0.15625,0.019758222963005504
dev_test,user,G,LH,exact,176,64,2,0.011363636363636364,0.03125,0.019758222963005504
dev_test,user,G,LH,tag,176,64,62,0.3522727272727273,0.96875,0.019758222963005504
dev_test,user,G,LL,album,152,80,9,0.05921052631578947,0.1125,0.016830424602524794
dev_test,user,G,LL,artist,152,80,14,0.09210526315789473,0.175,0.016830424602524794
dev_test,user,G,LL,exact,152,80,6,0.039473684210526314,0.075,0.016830424602524794
dev_test,user,G,LL,tag,152,80,71,0.46710526315789475,0.8875,0.016830424602524794
dev_test,user,H,HH,album,112,32,16,0.14285714285714285,0.5,0.013819333094597144
dev_test,user,H,HH,artist,112,32,16,0.14285714285714285,0.5,0.013819333094597144
dev_test,user,H,HH,exact,112,32,2,0.017857142857142856,0.0625,0.013819333094597144
dev_test,user,H,HH,tag,112,32,31,0.2767857142857143,0.96875,0.013819333094597144
dev_test,user,H,HL,album,384,224,23,0.059895833333333336,0.10267857142857142,0.019579213623616632
dev_test,user,H,HL,artist,384,224,32,0.08333333333333333,0.14285714285714285,0.019579213623616632
dev_test,user,H,HL,exact,384,224,11,0.028645833333333332,0.049107142857142856,0.019579213623616632
dev_test,user,H,HL,tag,384,224,208,0.5416666666666666,0.9285714285714286,0.019579213623616632
dev_test,user,H,LH,album,312,208,26,0.08333333333333333,0.125,0.03097451876380953
dev_test,user,H,LH,artist,312,208,41,0.13141025641025642,0.1971153846153846,0.03097451876380953
dev_test,user,H,LH,exact,312,208,10,0.03205128205128205,0.04807692307692308,0.03097451876380953
dev_test,user,H,LH,tag,312,208,202,0.6474358974358975,0.9711538461538461,0.03097451876380953
dev_test,user,H,LL,album,272,136,14,0.051470588235294115,0.10294117647058823,0.019224802943675456
dev_test,user,H,LL,artist,272,136,21,0.07720588235294118,0.15441176470588236,0.019224802943675456
dev_test,user,H,LL,exact,272,136,2,0.007352941176470588,0.014705882352941176,0.019224802943675456
dev_test,user,H,LL,tag,272,136,131,0.48161764705882354,0.9632352941176471,0.019224802943675456
dev_test,user,I,HH,album,24,8,4,0.16666666666666666,0.5,0.013569168845828893
dev_test,user,I,HH,artist,24,8,4,0.16666666666666666,0.5,0.013569168845828893
dev_test,user,I,HH,exact,24,8,2,0.08333333333333333,0.25,0.013569168845828893
dev_test,user,I,HH,tag,24,8,8,0.3333333333333333,1.0,0.013569168845828893
dev_test,user,I,HL,album,16,0,0,0.0,0.0,0.0
dev_test,user,I,HL,artist,16,0,0,0.0,0.0,0.0
dev_test,user,I,HL,exact,16,0,0,0.0,0.0,0.0
dev_test,user,I,HL,tag,16,0,0,0.0,0.0,0.0
dev_test,user,I,LH,album,64,32,16,0.25,0.5,0.03211138594492953
dev_test,user,I,LH,artist,64,32,16,0.25,0.5,0.03211138594492953
dev_test,user,I,LH,exact,64,32,12,0.1875,0.375,0.03211138594492953
dev_test,user,I,LH,tag,64,32,32,0.5,1.0,0.03211138594492953
dev_test,user,I,LL,album,40,8,0,0.0,0.0,0.0003205128205128205
dev_test,user,I,LL,artist,40,8,0,0.0,0.0,0.0003205128205128205
dev_test,user,I,LL,exact,40,8,0,0.0,0.0,0.0003205128205128205
dev_test,user,I,LL,tag,40,8,1,0.025,0.125,0.0003205128205128205
dev_test,user,J,HH,album,80,24,1,0.0125,0.041666666666666664,0.005809635454065716
dev_test,user,J,HH,artist,80,24,2,0.025,0.08333333333333333,0.005809635454065716
dev_test,user,J,HH,exact,80,24,1,0.0125,0.041666666666666664,0.005809635454065716
dev_test,user,J,HH,tag,80,24,11,0.1375,0.4583333333333333,0.005809635454065716
dev_test,user,J,HL,album,240,104,25,0.10416666666666667,0.2403846153846154,0.018891099091615137
dev_test,user,J,HL,artist,240,104,40,0.16666666666666666,0.38461538461538464,0.018891099091615137
dev_test,user,J,HL,exact,240,104,12,0.05,0.11538461538461539,0.018891099091615137
dev_test,user,J,HL,tag,240,104,101,0.42083333333333334,0.9711538461538461,0.018891099091615137
dev_test,user,J,LH,album,128,48,6,0.046875,0.125,0.013917816382323122
dev_test,user,J,LH,artist,128,48,9,0.0703125,0.1875,0.013917816382323122
dev_test,user,J,LH,exact,128,48,4,0.03125,0.08333333333333333,0.013917816382323122
dev_test,user,J,LH,tag,128,48,44,0.34375,0.9166666666666666,0.013917816382323122
dev_test,user,J,LL,album,168,96,11,0.06547619047619048,0.11458333333333333,0.023395421170512975
dev_test,user,J,LL,artist,168,96,14,0.08333333333333333,0.14583333333333334,0.023395421170512975
dev_test,user,J,LL,exact,168,96,4,0.023809523809523808,0.041666666666666664,0.023395421170512975
dev_test,user,J,LL,tag,168,96,95,0.5654761904761905,0.9895833333333334,0.023395421170512975
dev_test,user,K,HH,album,120,88,16,0.13333333333333333,0.18181818181818182,0.02039581224987602
dev_test,user,K,HH,artist,120,88,19,0.15833333333333333,0.2159090909090909,0.02039581224987602
dev_test,user,K,HH,exact,120,88,9,0.075,0.10227272727272728,0.02039581224987602
dev_test,user,K,HH,tag,120,88,85,0.7083333333333334,0.9659090909090909,0.02039581224987602
dev_test,user,K,HL,album,352,192,35,0.09943181818181818,0.18229166666666666,0.01818203046660698
dev_test,user,K,HL,artist,352,192,53,0.15056818181818182,0.2760416666666667,0.01818203046660698
dev_test,user,K,HL,exact,352,192,14,0.03977272727272727,0.07291666666666667,0.01818203046660698
dev_test,user,K,HL,tag,352,192,187,0.53125,0.9739583333333334,0.01818203046660698
dev_test,user,K,LH,album,376,208,35,0.09308510638297872,0.16826923076923078,0.017503732185082495
dev_test,user,K,LH,artist,376,208,50,0.13297872340425532,0.2403846153846154,0.017503732185082495
dev_test,user,K,LH,exact,376,208,10,0.026595744680851064,0.04807692307692308,0.017503732185082495
dev_test,user,K,LH,tag,376,208,204,0.5425531914893617,0.9807692307692307,0.017503732185082495
dev_test,user,K,LL,album,400,184,19,0.0475,0.10326086956521739,0.021101568885188157
dev_test,user,K,LL,artist,400,184,22,0.055,0.11956521739130435,0.021101568885188157
dev_test,user,K,LL,exact,400,184,12,0.03,0.06521739130434782,0.021101568885188157
dev_test,user,K,LL,tag,400,184,182,0.455,0.9891304347826086,0.021101568885188157
train,combined,A,HH,album,152,141,82,0.5394736842105263,0.5815602836879432,0.10030065886919488
train,combined,A,HH,artist,152,141,107,0.7039473684210527,0.7588652482269503,0.10030065886919488
train,combined,A,HH,exact,152,141,10,0.06578947368421052,0.07092198581560284,0.10030065886919488
train,combined,A,HH,tag,152,141,134,0.881578947368421,0.950354609929078,0.10030065886919488
train,combined,A,HL,album,4048,3756,1852,0.4575098814229249,0.49307774227902024,0.09620815839146271
train,combined,A,HL,artist,4048,3756,2419,0.5975790513833992,0.6440362087326944,0.09620815839146271
train,combined,A,HL,exact,4048,3756,147,0.036314229249011856,0.03913738019169329,0.09620815839146271
train,combined,A,HL,tag,4048,3756,3726,0.9204545454545454,0.9920127795527156,0.09620815839146271
train,combined,A,LH,album,2856,2642,1354,0.4740896358543417,0.5124905374716124,0.10056717928833821
train,combined,A,LH,artist,2856,2642,1786,0.6253501400560224,0.6760030280090841,0.10056717928833821
train,combined,A,LH,exact,2856,2642,127,0.04446778711484594,0.04806964420893263,0.10056717928833821
train,combined,A,LH,tag,2856,2642,2616,0.9159663865546218,0.9901589704769115,0.10056717928833821
train,combined,A,LL,album,1616,1501,821,0.5080445544554455,0.5469686875416389,0.09562260916341556
train,combined,A,LL,artist,1616,1501,1036,0.6410891089108911,0.6902065289806796,0.09562260916341556
train,combined,A,LL,exact,1616,1501,78,0.04826732673267327,0.0519653564290473,0.09562260916341556
train,combined,A,LL,tag,1616,1501,1488,0.9207920792079208,0.9913391072618255,0.09562260916341556
train,combined,B,HH,album,3280,3052,1539,0.4692073170731707,0.504259501965924,0.09126682697846886
train,combined,B,HH,artist,3280,3052,1974,0.6018292682926829,0.6467889908256881,0.09126682697846886
train,combined,B,HH,exact,3280,3052,174,0.05304878048780488,0.05701179554390563,0.09126682697846886
train,combined,B,HH,tag,3280,3052,3026,0.9225609756097561,0.991480996068152,0.09126682697846886
train,combined,B,HL,album,4592,4272,2191,0.4771341463414634,0.512874531835206,0.0933064209929929
train,combined,B,HL,artist,4592,4272,2884,0.6280487804878049,0.6750936329588015,0.0933064209929929
train,combined,B,HL,exact,4592,4272,183,0.03985191637630662,0.042837078651685394,0.0933064209929929
train,combined,B,HL,tag,4592,4272,4234,0.9220383275261324,0.9911048689138576,0.0933064209929929
train,combined,B,LH,album,4368,4087,2075,0.4750457875457875,0.5077073648152679,0.09331228472576544
train,combined,B,LH,artist,4368,4087,2699,0.6179029304029304,0.6603865916320039,0.09331228472576544
train,combined,B,LH,exact,4368,4087,231,0.052884615384615384,0.056520675311964766,0.09331228472576544
train,combined,B,LH,tag,4368,4087,4054,0.9281135531135531,0.9919256178125765,0.09331228472576544
train,combined,B,LL,album,4952,4584,2405,0.4856623586429725,0.5246509598603839,0.09398406106890149
train,combined,B,LL,artist,4952,4584,3114,0.6288368336025848,0.6793193717277487,0.09398406106890149
train,combined,B,LL,exact,4952,4584,224,0.045234248788368334,0.04886561954624782,0.09398406106890149
train,combined,B,LL,tag,4952,4584,4536,0.9159935379644588,0.9895287958115183,0.09398406106890149
train,combined,C,HH,album,392,365,217,0.5535714285714286,0.5945205479452055,0.10209662690770682
train,combined,C,HH,artist,392,365,274,0.6989795918367347,0.7506849315068493,0.10209662690770682
train,combined,C,HH,exact,392,365,17,0.04336734693877551,0.04657534246575343,0.10209662690770682
train,combined,C,HH,tag,392,365,359,0.9158163265306123,0.9835616438356164,0.10209662690770682
train,combined,C,HL,album,960,885,481,0.5010416666666667,0.5435028248587571,0.101135803960706
train,combined,C,HL,artist,960,885,611,0.6364583333333333,0.6903954802259887,0.101135803960706
train,combined,C,HL,exact,960,885,27,0.028125,0.030508474576271188,0.101135803960706
train,combined,C,HL,tag,960,885,876,0.9125,0.9898305084745763,0.101135803960706
train,combined,C,LH,album,4992,4616,2565,0.5138221153846154,0.5556759098786829,0.09790368085280449
train,combined,C,LH,artist,4992,4616,3232,0.6474358974358975,0.7001733102253033,0.09790368085280449
train,combined,C,LH,exact,4992,4616,250,0.05008012820512821,0.05415944540727903,0.09790368085280449
train,combined,C,LH,tag,4992,4616,4571,0.9156650641025641,0.9902512998266898,0.09790368085280449
train,combined,C,LL,album,1480,1386,779,0.5263513513513514,0.562049062049062,0.08589461207169373
train,combined,C,LL,artist,1480,1386,967,0.6533783783783784,0.6976911976911977,0.08589461207169373
train,combined,C,LL,exact,1480,1386,61,0.04121621621621622,0.04401154401154401,0.08589461207169373
train,combined,C,LL,tag,1480,1386,1369,0.925,0.9877344877344877,0.08589461207169373
train,combined,D,HH,album,1208,1123,584,0.48344370860927155,0.5200356188780053,0.11022198194410325
train,combined,D,HH,artist,1208,1123,757,0.6266556291390728,0.674087266251113,0.11022198194410325
train,combined,D,HH,exact,1208,1123,68,0.056291390728476824,0.060552092609082814,0.11022198194410325
train,combined,D,HH,tag,1208,1123,1111,0.9197019867549668,0.9893143365983972,0.11022198194410325
train,combined,D,HL,album,3160,2910,1543,0.4882911392405063,0.5302405498281787,0.10731739337793264
train,combined,D,HL,artist,3160,2910,1930,0.6107594936708861,0.6632302405498282,0.10731739337793264
train,combined,D,HL,exact,3160,2910,141,0.044620253164556964,0.04845360824742268,0.10731739337793264
train,combined,D,HL,tag,3160,2910,2866,0.9069620253164556,0.9848797250859107,0.10731739337793264
train,combined,D,LH,album,3776,3523,1825,0.4833156779661017,0.518024411013341,0.10448003885499452
train,combined,D,LH,artist,3776,3523,2420,0.6408898305084746,0.6869145614533069,0.10448003885499452
train,combined,D,LH,exact,3776,3523,177,0.046875,0.050241271643485665,0.10448003885499452
train,combined,D,LH,tag,3776,3523,3498,0.9263771186440678,0.9929037751915981,0.10448003885499452
train,combined,D,LL,album,1488,1383,741,0.49798387096774194,0.5357917570498916,0.0990133456446876
train,combined,D,LL,artist,1488,1383,905,0.6081989247311828,0.6543745480838756,0.0990133456446876
train,combined,D,LL,exact,1488,1383,97,0.06518817204301075,0.07013738250180766,0.0990133456446876
train,combined,D,LL,tag,1488,1383,1364,0.9166666666666666,0.9862617498192335,0.0990133456446876
train,combined,E,HH,album,736,674,418,0.5679347826086957,0.6201780415430267,0.12942624206207903
train,combined,E,HH,artist,736,674,538,0.7309782608695652,0.798219584569733,0.12942624206207903
train,combined,E,HH,exact,736,674,36,0.04891304347826087,0.05341246290801187,0.12942624206207903
train,combined,E,HH,tag,736,674,672,0.9130434782608695,0.9970326409495549,0.12942624206207903
train,combined,E,HL,album,2784,2582,1190,0.4274425287356322,0.4608830364058869,0.09007274811311783
train,combined,E,HL,artist,2784,2582,1573,0.5650143678160919,0.6092176607281178,0.09007274811311783
train,combined,E,HL,exact,2784,2582,85,0.0305316091954023,0.03292021688613478,0.09007274811311783
train,combined,E,HL,tag,2784,2582,2547,0.9148706896551724,0.9864446165762975,0.09007274811311783
train,combined,E,LH,album,3768,3505,2002,0.5313163481953291,0.5711840228245364,0.10128565917809121
train,combined,E,LH,artist,3768,3505,2505,0.6648089171974523,0.7146932952924394,0.10128565917809121
train,combined,E,LH,exact,3768,3505,237,0.06289808917197452,0.06761768901569187,0.10128565917809121
train,combined,E,LH,tag,3768,3505,3476,0.9225053078556263,0.9917261055634807,0.10128565917809121
train,combined,E,LL,album,3112,2893,1502,0.48264781491002573,0.5191842378154166,0.09621789071081865
train,combined,E,LL,artist,3112,2893,1910,0.6137532133676092,0.6602143104044245,0.09621789071081865
train,combined,E,LL,exact,3112,2893,124,0.03984575835475578,0.04286208088489457,0.09621789071081865
train,combined,E,LL,tag,3112,2893,2859,0.9187017994858612,0.988247493950916,0.09621789071081865
train,combined,F,HH,album,1232,1148,713,0.5787337662337663,0.6210801393728222,0.1053773835511862
train,combined,F,HH,artist,1232,1148,886,0.7191558441558441,0.7717770034843205,0.1053773835511862
train,combined,F,HH,exact,1232,1148,55,0.044642857142857144,0.04790940766550523,0.1053773835511862
train,combined,F,HH,tag,1232,1148,1136,0.922077922077922,0.9895470383275261,0.1053773835511862
train,combined,F,HL,album,3640,3374,1783,0.4898351648351648,0.528452874925904,0.09855887034155462
train,combined,F,HL,artist,3640,3374,2318,0.6368131868131868,0.6870183758150563,0.09855887034155462
train,combined,F,HL,exact,3640,3374,177,0.04862637362637363,0.05245998814463545,0.09855887034155462
train,combined,F,HL,tag,3640,3374,3350,0.9203296703296703,0.992886781268524,0.09855887034155462
train,combined,F,LH,album,2512,2343,1240,0.49363057324840764,0.5292360221937686,0.09788852377797234
train,combined,F,LH,artist,2512,2343,1609,0.6405254777070064,0.6867264191207854,0.09788852377797234
train,combined,F,LH,exact,2512,2343,107,0.04259554140127388,0.04566794707639778,0.09788852377797234
train,combined,F,LH,tag,2512,2343,2317,0.9223726114649682,0.988903115663679,0.09788852377797234
train,combined,F,LL,album,1312,1215,595,0.4535060975609756,0.4897119341563786,0.09381346744556977
train,combined,F,LL,artist,1312,1215,765,0.583079268292683,0.6296296296296297,0.09381346744556977
train,combined,F,LL,exact,1312,1215,58,0.04420731707317073,0.047736625514403296,0.09381346744556977
train,combined,F,LL,tag,1312,1215,1202,0.9161585365853658,0.9893004115226337,0.09381346744556977
train,combined,G,HH,album,1320,1228,606,0.4590909090909091,0.49348534201954397,0.09682341493828334
train,combined,G,HH,artist,1320,1228,805,0.6098484848484849,0.6555374592833876,0.09682341493828334
train,combined,G,HH,exact,1320,1228,75,0.056818181818181816,0.061074918566775244,0.09682341493828334
train,combined,G,HH,tag,1320,1228,1210,0.9166666666666666,0.9853420195439739,0.09682341493828334
train,combined,G,HL,album,3232,3005,1667,0.5157797029702971,0.5547420965058236,0.09776496975400446
train,combined,G,HL,artist,3232,3005,2122,0.656559405940594,0.7061564059900166,0.09776496975400446
train,combined,G,HL,exact,3232,3005,164,0.050742574257425746,0.054575707154742095,0.09776496975400446
train,combined,G,HL,tag,3232,3005,2967,0.9180074257425742,0.9873544093178036,0.09776496975400446
train,combined,G,LH,album,4272,3962,1914,0.44803370786516855,0.48308934881373045,0.09431754735878176
train,combined,G,LH,artist,4272,3962,2498,0.5847378277153558,0.6304896516910651,0.09431754735878176
train,combined,G,LH,exact,4272,3962,236,0.0552434456928839,0.05956587582029278,0.09431754735878176
train,combined,G,LH,tag,4272,3962,3922,0.9180711610486891,0.9899040888440181,0.09431754735878176
train,combined,G,LL,album,2048,1912,899,0.43896484375,0.47018828451882844,0.09572300126704406
train,combined,G,LL,artist,2048,1912,1189,0.58056640625,0.6218619246861925,0.09572300126704406
train,combined,G,LL,exact,2048,1912,103,0.05029296875,0.05387029288702929,0.09572300126704406
train,combined,G,LL,tag,2048,1912,1896,0.92578125,0.9916317991631799,0.09572300126704406
train,combined,H,HH,album,1544,1444,897,0.5809585492227979,0.621191135734072,0.1004518444787591
train,combined,H,HH,artist,1544,1444,1122,0.7266839378238342,0.7770083102493075,0.1004518444787591
train,combined,H,HH,exact,1544,1444,98,0.06347150259067358,0.06786703601108034,0.1004518444787591
train,combined,H,HH,tag,1544,1444,1430,0.9261658031088082,0.9903047091412742,0.1004518444787591
train,combined,H,HL,album,6152,5690,3150,0.5120286085825748,0.5536028119507909,0.1061773547566224
train,combined,H,HL,artist,6152,5690,4028,0.6547464239271782,0.707908611599297,0.1061773547566224
train,combined,H,HL,exact,6152,5690,258,0.04193758127438232,0.04534270650263621,0.1061773547566224
train,combined,H,HL,tag,6152,5690,5634,0.9157997399219766,0.990158172231986,0.1061773547566224
train,combined,H,LH,album,4832,4518,2393,0.4952400662251656,0.5296591412129261,0.09520091199213249
train,combined,H,LH,artist,4832,4518,3030,0.6270695364238411,0.6706507304116865,0.09520091199213249
train,combined,H,LH,exact,4832,4518,207,0.04283940397350993,0.045816733067729085,0.09520091199213249
train,combined,H,LH,tag,4832,4518,4480,0.9271523178807947,0.9915891987605135,0.09520091199213249
train,combined,H,LL,album,5032,4679,2483,0.4934419713831478,0.530668946356059,0.09606514758894254
train,combined,H,LL,artist,5032,4679,3217,0.639308426073132,0.6875400726650994,0.09606514758894254
train,combined,H,LL,exact,5032,4679,239,0.04749602543720191,0.05107929044667664,0.09606514758894254
train,combined,H,LL,tag,5032,4679,4620,0.9181240063593005,0.9873904680487283,0.09606514758894254
train,combined,I,HH,album,824,772,360,0.4368932038834951,0.46632124352331605,0.08372009357653785
train,combined,I,HH,artist,824,772,484,0.587378640776699,0.6269430051813472,0.08372009357653785
train,combined,I,HH,exact,824,772,65,0.07888349514563107,0.08419689119170984,0.08372009357653785
train,combined,I,HH,tag,824,772,767,0.9308252427184466,0.9935233160621761,0.08372009357653785
train,combined,I,HL,album,432,409,222,0.5138888888888888,0.5427872860635696,0.0769252691836722
train,combined,I,HL,artist,432,409,276,0.6388888888888888,0.6748166259168704,0.0769252691836722
train,combined,I,HL,exact,432,409,34,0.0787037037037037,0.08312958435207823,0.0769252691836722
train,combined,I,HL,tag,432,409,402,0.9305555555555556,0.9828850855745721,0.0769252691836722
train,combined,I,LH,album,1120,1053,395,0.35267857142857145,0.37511870845204176,0.07514036091256966
train,combined,I,LH,artist,1120,1053,513,0.45803571428571427,0.48717948717948717,0.07514036091256966
train,combined,I,LH,exact,1120,1053,76,0.06785714285714285,0.0721747388414055,0.07514036091256966
train,combined,I,LH,tag,1120,1053,1036,0.925,0.9838556505223172,0.07514036091256966
train,combined,I,LL,album,720,678,292,0.40555555555555556,0.4306784660766962,0.06496399746110529
train,combined,I,LL,artist,720,678,386,0.5361111111111111,0.5693215339233039,0.06496399746110529
train,combined,I,LL,exact,720,678,70,0.09722222222222222,0.10324483775811209,0.06496399746110529
train,combined,I,LL,tag,720,678,656,0.9111111111111111,0.967551622418879,0.06496399746110529
train,combined,J,HH,album,1504,1419,639,0.42486702127659576,0.4503171247357294,0.08293586393871777
train,combined,J,HH,artist,1504,1419,847,0.5631648936170213,0.5968992248062015,0.08293586393871777
train,combined,J,HH,exact,1504,1419,108,0.07180851063829788,0.07610993657505286,0.08293586393871777
train,combined,J,HH,tag,1504,1419,1409,0.9368351063829787,0.992952783650458,0.08293586393871777
train,combined,J,HL,album,3960,3654,1803,0.4553030303030303,0.493431855500821,0.09341206425627883
train,combined,J,HL,artist,3960,3654,2351,0.5936868686868687,0.6434044882320744,0.09341206425627883
train,combined,J,HL,exact,3960,3654,157,0.039646464646464645,0.042966611932129174,0.09341206425627883
train,combined,J,HL,tag,3960,3654,3606,0.9106060606060606,0.986863711001642,0.09341206425627883
train,combined,J,LH,album,3960,3708,1682,0.42474747474747476,0.45361380798274004,0.08303816023724754
train,combined,J,LH,artist,3960,3708,2205,0.5568181818181818,0.5946601941747572,0.08303816023724754
train,combined,J,LH,exact,3960,3708,209,0.05277777777777778,0.056364617044228696,0.08303816023724754
train,combined,J,LH,tag,3960,3708,3667,0.9260101010101011,0.9889428263214671,0.08303816023724754
train,combined,J,LL,album,2544,2371,986,0.38757861635220126,0.415858287642345,0.08619345725224531
train,combined,J,LL,artist,2544,2371,1281,0.5035377358490566,0.5402783635596795,0.08619345725224531
train,combined,J,LL,exact,2544,2371,131,0.0514937106918239,0.05525094896668072,0.08619345725224531
train,combined,J,LL,tag,2544,2371,2344,0.9213836477987422,0.9886123998312948,0.08619345725224531
train,combined,K,HH,album,1360,1254,601,0.44191176470588234,0.47926634768740034,0.09768537667010646
train,combined,K,HH,artist,1360,1254,790,0.5808823529411765,0.6299840510366826,0.09768537667010646
train,combined,K,HH,exact,1360,1254,61,0.04485294117647059,0.04864433811802233,0.09768537667010646
train,combined,K,HH,tag,1360,1254,1227,0.9022058823529412,0.9784688995215312,0.09768537667010646
train,combined,K,HL,album,5320,4941,2357,0.4430451127819549,0.47702894150981584,0.08858210518318188
train,combined,K,HL,artist,5320,4941,3088,0.5804511278195489,0.6249747014774337,0.08858210518318188
train,combined,K,HL,exact,5320,4941,195,0.03665413533834586,0.03946569520340012,0.08858210518318188
train,combined,K,HL,tag,5320,4941,4913,0.9234962406015037,0.9943331309451529,0.08858210518318188
train,combined,K,LH,album,4968,4611,2255,0.4539049919484702,0.4890479288657558,0.09172693280013097
train,combined,K,LH,artist,4968,4611,2910,0.5857487922705314,0.631099544567339,0.09172693280013097
train,combined,K,LH,exact,4968,4611,200,0.040257648953301126,0.04337453914552158,0.09172693280013097
train,combined,K,LH,tag,4968,4611,4570,0.9198872785829307,0.991108219475168,0.09172693280013097
train,combined,K,LL,album,4032,3733,1715,0.4253472222222222,0.45941601928743636,0.09390358204138217
train,combined,K,LL,artist,4032,3733,2252,0.558531746031746,0.6032681489418699,0.09390358204138217
train,combined,K,LL,exact,4032,3733,141,0.034970238095238096,0.037771229574069115,0.09390358204138217
train,combined,K,LL,tag,4032,3733,3683,0.9134424603174603,0.98660594695955,0.09390358204138217
train,session,A,HH,album,152,133,77,0.506578947368421,0.5789473684210527,0.12200404300279347
train,session,A,HH,artist,152,133,101,0.6644736842105263,0.7593984962406015,0.12200404300279347
train,session,A,HH,exact,152,133,0,0.0,0.0,0.12200404300279347
train,session,A,HH,tag,152,133,127,0.8355263157894737,0.9548872180451128,0.12200404300279347
train,session,A,HL,album,4048,3542,1726,0.42638339920948615,0.4872953133822699,0.1290031203257868
train,session,A,HL,artist,4048,3542,2296,0.567193675889328,0.6482213438735178,0.1290031203257868
train,session,A,HL,exact,4048,3542,0,0.0,0.0,0.1290031203257868
train,session,A,HL,tag,4048,3542,3506,0.866106719367589,0.9898362507058159,0.1290031203257868
train,session,A,LH,album,2856,2499,1219,0.4268207282913165,0.48779511804721887,0.12919843845695012
train,session,A,LH,artist,2856,2499,1676,0.5868347338935574,0.6706682673069227,0.12919843845695012
train,session,A,LH,exact,2856,2499,0,0.0,0.0,0.12919843845695012
train,session,A,LH,tag,2856,2499,2469,0.8644957983193278,0.9879951980792316,0.12919843845695012
train,session,A,LL,album,1616,1414,739,0.4573019801980198,0.5226308345120226,0.12842793441651973
train,session,A,LL,artist,1616,1414,954,0.5903465346534653,0.6746817538896747,0.12842793441651973
train,session,A,LL,exact,1616,1414,0,0.0,0.0,0.12842793441651973
train,session,A,LL,tag,1616,1414,1402,0.8675742574257426,0.9915134370579916,0.12842793441651973
train,session,B,HH,album,3280,2870,1368,0.4170731707317073,0.47665505226480837,0.12555456638877155
train,session,B,HH,artist,3280,2870,1818,0.5542682926829269,0.6334494773519164,0.12555456638877155
train,session,B,HH,exact,3280,2870,0,0.0,0.0,0.12555456638877155
train,session,B,HH,tag,3280,2870,2834,0.8640243902439024,0.9874564459930314,0.12555456638877155
train,session,B,HL,album,4592,4018,1994,0.43423344947735193,0.4962667994026879,0.12425395657647142
train,session,B,HL,artist,4592,4018,2680,0.5836236933797909,0.6669985067197611,0.12425395657647142
train,session,B,HL,exact,4592,4018,0,0.0,0.0,0.12425395657647142
train,session,B,HL,tag,4592,4018,3963,0.8630226480836237,0.9863115978098557,0.12425395657647142
train,session,B,LH,album,4368,3822,1837,0.42055860805860806,0.4806384092098378,0.12578494822394726
train,session,B,LH,artist,4368,3822,2487,0.5693681318681318,0.6507064364207221,0.12578494822394726
train,session,B,LH,exact,4368,3822,0,0.0,0.0,0.12578494822394726
train,session,B,LH,tag,4368,3822,3778,0.86492673992674,0.988487702773417,0.12578494822394726
train,session,B,LL,album,4952,4333,2157,0.4355815831987076,0.49780752365566583,0.12209408751720308
train,session,B,LL,artist,4952,4333,2883,0.5821890145395799,0.66535887375952,0.12209408751720308
train,session,B,LL,exact,4952,4333,0,0.0,0.0,0.12209408751720308
train,session,B,LL,tag,4952,4333,4280,0.864297253634895,0.9877682898684514,0.12209408751720308
train,session,C,HH,album,392,343,201,0.5127551020408163,0.5860058309037901,0.13582804991207986
train,session,C,HH,artist,392,343,258,0.6581632653061225,0.7521865889212828,0.13582804991207986
train,session,C,HH,exact,392,343,0,0.0,0.0,0.13582804991207986
train,session,C,HH,tag,392,343,337,0.8596938775510204,0.9825072886297376,0.13582804991207986
train,session,C,HL,album,960,840,446,0.46458333333333335,0.530952380952381,0.12410898108190808
train,session,C,HL,artist,960,840,575,0.5989583333333334,0.6845238095238095,0.12410898108190808
train,session,C,HL,exact,960,840,0,0.0,0.0,0.12410898108190808
train,session,C,HL,tag,960,840,828,0.8625,0.9857142857142858,0.12410898108190808
train,session,C,LH,album,4992,4368,2339,0.46854967948717946,0.535485347985348,0.12615153557147818
train,session,C,LH,artist,4992,4368,3032,0.6073717948717948,0.6941391941391941,0.12615153557147818
train,session,C,LH,exact,4992,4368,0,0.0,0.0,0.12615153557147818
train,session,C,LH,tag,4992,4368,4309,0.8631810897435898,0.986492673992674,0.12615153557147818
train,session,C,LL,album,1480,1295,711,0.4804054054054054,0.549034749034749,0.11970482676949301
train,session,C,LL,artist,1480,1295,896,0.6054054054054054,0.6918918918918919,0.11970482676949301
train,session,C,LL,exact,1480,1295,0,0.0,0.0,0.11970482676949301
train,session,C,LL,tag,1480,1295,1273,0.8601351351351352,0.983011583011583,0.11970482676949301
train,session,D,HH,album,1208,1057,518,0.4288079470198676,0.4900662251655629,0.14328993981440777
train,session,D,HH,artist,1208,1057,691,0.5720198675496688,0.6537369914853358,0.14328993981440777
train,session,D,HH,exact,1208,1057,0,0.0,0.0,0.14328993981440777
train,session,D,HH,tag,1208,1057,1040,0.8609271523178808,0.9839167455061495,0.14328993981440777
train,session,D,HL,album,3160,2765,1428,0.4518987341772152,0.5164556962025316,0.13603775980890898
train,session,D,HL,artist,3160,2765,1818,0.5753164556962025,0.65750452079566,0.13603775980890898
train,session,D,HL,exact,3160,2765,0,0.0,0.0,0.13603775980890898
train,session,D,HL,tag,3160,2765,2711,0.8579113924050633,0.9804701627486437,0.13603775980890898
train,session,D,LH,album,3776,3304,1629,0.4314088983050847,0.49303874092009686,0.13862132590444196
train,session,D,LH,artist,3776,3304,2237,0.5924258474576272,0.6770581113801453,0.13862132590444196
train,session,D,LH,exact,3776,3304,0,0.0,0.0,0.13862132590444196
train,session,D,LH,tag,3776,3304,3275,0.8673199152542372,0.9912227602905569,0.13862132590444196
train,session,D,LL,album,1488,1302,654,0.43951612903225806,0.5023041474654378,0.13622040087054751
train,session,D,LL,artist,1488,1302,833,0.5598118279569892,0.6397849462365591,0.13622040087054751
train,session,D,LL,exact,1488,1302,0,0.0,0.0,0.13622040087054751
train,session,D,LL,tag,1488,1302,1278,0.8588709677419355,0.9815668202764977,0.13622040087054751
train,session,E,HH,album,736,644,394,0.5353260869565217,0.6118012422360248,0.15766240315958022
train,session,E,HH,artist,736,644,526,0.7146739130434783,0.8167701863354038,0.15766240315958022
train,session,E,HH,exact,736,644,0,0.0,0.0,0.15766240315958022
train,session,E,HH,tag,736,644,640,0.8695652173913043,0.9937888198757764,0.15766240315958022
train,session,E,HL,album,2784,2436,1089,0.3911637931034483,0.44704433497536944,0.1178592576434976
train,session,E,HL,artist,2784,2436,1463,0.5255028735632183,0.6005747126436781,0.1178592576434976
train,session,E,HL,exact,2784,2436,0,0.0,0.0,0.1178592576434976
train,session,E,HL,tag,2784,2436,2397,0.8609913793103449,0.9839901477832512,0.1178592576434976
train,session,E,LH,album,3768,3297,1829,0.4854033970276008,0.5547467394601152,0.13026586233905746
train,session,E,LH,artist,3768,3297,2342,0.6215498938428875,0.7103427358204428,0.13026586233905746
train,session,E,LH,exact,3768,3297,0,0.0,0.0,0.13026586233905746
train,session,E,LH,tag,3768,3297,3254,0.863588110403397,0.9869578404610252,0.13026586233905746
train,session,E,LL,album,3112,2723,1360,0.4370179948586118,0.49944913698127064,0.131837809337787
train,session,E,LL,artist,3112,2723,1788,0.5745501285347043,0.6566287183253764,0.131837809337787
train,session,E,LL,exact,3112,2723,0,0.0,0.0,0.131837809337787
train,session,E,LL,tag,3112,2723,2679,0.8608611825192802,0.9838413514506059,0.131837809337787
train,session,F,HH,album,1232,1078,661,0.536525974025974,0.6131725417439703,0.14409852331731687
train,session,F,HH,artist,1232,1078,844,0.685064935064935,0.7829313543599258,0.14409852331731687
train,session,F,HH,exact,1232,1078,0,0.0,0.0,0.14409852331731687
train,session,F,HH,tag,1232,1078,1066,0.8652597402597403,0.9888682745825603,0.14409852331731687
train,session,F,HL,album,3640,3185,1633,0.44862637362637364,0.5127158555729985,0.13006051060564536
train,session,F,HL,artist,3640,3185,2182,0.5994505494505494,0.6850863422291994,0.13006051060564536
train,session,F,HL,exact,3640,3185,0,0.0,0.0,0.13006051060564536
train,session,F,HL,tag,3640,3185,3151,0.8656593406593407,0.9893249607535322,0.13006051060564536
train,session,F,LH,album,2512,2198,1124,0.44745222929936307,0.5113739763421292,0.1334261566124067
train,session,F,LH,artist,2512,2198,1495,0.5951433121019108,0.6801637852593266,0.1334261566124067
train,session,F,LH,exact,2512,2198,0,0.0,0.0,0.1334261566124067
train,session,F,LH,tag,2512,2198,2160,0.8598726114649682,0.9827115559599636,0.1334261566124067
train,session,F,LL,album,1312,1148,546,0.41615853658536583,0.47560975609756095,0.12814390795645614
train,session,F,LL,artist,1312,1148,710,0.5411585365853658,0.6184668989547039,0.12814390795645614
train,session,F,LL,exact,1312,1148,0,0.0,0.0,0.12814390795645614
train,session,F,LL,tag,1312,1148,1130,0.8612804878048781,0.9843205574912892,0.12814390795645614
train,session,G,HH,album,1320,1155,534,0.40454545454545454,0.4623376623376623,0.1299819580720732
train,session,G,HH,artist,1320,1155,749,0.5674242424242424,0.6484848484848484,0.1299819580720732
train,session,G,HH,exact,1320,1155,0,0.0,0.0,0.1299819580720732
train,session,G,HH,tag,1320,1155,1136,0.8606060606060606,0.9835497835497835,0.1299819580720732
train,session,G,HL,album,3232,2828,1532,0.474009900990099,0.5417256011315418,0.13143931113190852
train,session,G,HL,artist,3232,2828,1986,0.614480198019802,0.7022630834512023,0.13143931113190852
train,session,G,HL,exact,3232,2828,0,0.0,0.0,0.13143931113190852
train,session,G,HL,tag,3232,2828,2789,0.8629331683168316,0.9862093352192363,0.13143931113190852
train,session,G,LH,album,4272,3738,1688,0.3951310861423221,0.45157838416265383,0.11902552811703596
train,session,G,LH,artist,4272,3738,2268,0.5308988764044944,0.6067415730337079,0.11902552811703596
train,session,G,LH,exact,4272,3738,0,0.0,0.0,0.11902552811703596
train,session,G,LH,tag,4272,3738,3694,0.8647003745318352,0.9882289994649546,0.11902552811703596
train,session,G,LL,album,2048,1792,797,0.38916015625,0.4447544642857143,0.12867700964964743
train,session,G,LL,artist,2048,1792,1077,0.52587890625,0.6010044642857143,0.12867700964964743
train,session,G,LL,exact,2048,1792,0,0.0,0.0,0.12867700964964743
train,session,G,LL,tag,2048,1792,1771,0.86474609375,0.98828125,0.12867700964964743
train,session,H,HH,album,1544,1351,818,0.5297927461139896,0.6054774241302738,0.1476018002737738
train,session,H,HH,artist,1544,1351,1054,0.6826424870466321,0.7801628423390081,0.1476018002737738
train,session,H,HH,exact,1544,1351,0,0.0,0.0,0.1476018002737738
train,session,H,HH,tag,1544,1351,1335,0.8646373056994818,0.9881569207994079,0.1476018002737738
train,session,H,HL,album,6152,5383,2903,0.47187906371911575,0.5392903585361323,0.13808433005231235
train,session,H,HL,artist,6152,5383,3787,0.6155721716514955,0.7035110533159948,0.13808433005231235
train,session,H,HL,exact,6152,5383,0,0.0,0.0,0.13808433005231235
train,session,H,HL,tag,6152,5383,5317,0.8642717815344604,0.9877391788965261,0.13808433005231235
train,session,H,LH,album,4832,4228,2174,0.44991721854304634,0.5141911069063387,0.1354156689771181
train,session,H,LH,artist,4832,4228,2798,0.5790562913907285,0.6617786187322611,0.1354156689771181
train,session,H,LH,exact,4832,4228,0,0.0,0.0,0.1354156689771181
train,session,H,LH,tag,4832,4228,4182,0.8654801324503312,0.989120151371807,0.1354156689771181
train,session,H,LL,album,5032,4403,2238,0.4447535771065183,0.5082898024074495,0.12879251032714867
train,session,H,LL,artist,5032,4403,2987,0.5936009538950715,0.6784010901657961,0.12879251032714867
train,session,H,LL,exact,5032,4403,0,0.0,0.0,0.12879251032714867
train,session,H,LL,tag,5032,4403,4338,0.8620826709062003,0.9852373381785147,0.12879251032714867
train,session,I,HH,album,824,721,313,0.37985436893203883,0.43411927877947293,0.1178604050881499
train,session,I,HH,artist,824,721,435,0.5279126213592233,0.6033287101248266,0.1178604050881499
train,session,I,HH,exact,824,721,0,0.0,0.0,0.1178604050881499
train,session,I,HH,tag,824,721,712,0.8640776699029126,0.9875173370319001,0.1178604050881499
train,session,I,HL,album,432,378,198,0.4583333333333333,0.5238095238095238,0.12869436738382675
train,session,I,HL,artist,432,378,256,0.5925925925925926,0.6772486772486772,0.12869436738382675
train,session,I,HL,exact,432,378,0,0.0,0.0,0.12869436738382675
train,session,I,HL,tag,432,378,368,0.8518518518518519,0.9735449735449735,0.12869436738382675
train,session,I,LH,album,1120,980,316,0.28214285714285714,0.3224489795918367,0.10895412623308802
train,session,I,LH,artist,1120,980,425,0.3794642857142857,0.4336734693877551,0.10895412623308802
train,session,I,LH,exact,1120,980,0,0.0,0.0,0.10895412623308802
train,session,I,LH,tag,1120,980,954,0.8517857142857143,0.9734693877551021,0.10895412623308802
train,session,I,LL,album,720,630,241,0.3347222222222222,0.3825396825396825,0.11009054766643626
train,session,I,LL,artist,720,630,338,0.46944444444444444,0.5365079365079365,0.11009054766643626
train,session,I,LL,exact,720,630,0,0.0,0.0,0.11009054766643626
train,session,I,LL,tag,720,630,598,0.8305555555555556,0.9492063492063492,0.11009054766643626
train,session,J,HH,album,1504,1316,538,0.35771276595744683,0.4088145896656535,0.12235443376842227
train,session,J,HH,artist,1504,1316,742,0.4933510638297872,0.5638297872340425,0.12235443376842227
train,session,J,HH,exact,1504,1316,0,0.0,0.0,0.12235443376842227
train,session,J,HH,tag,1504,1316,1303,0.8663563829787234,0.9901215805471124,0.12235443376842227
train,session,J,HL,album,3960,3465,1654,0.4176767676767677,0.47734487734487735,0.12083101510483547
train,session,J,HL,artist,3960,3465,2198,0.555050505050505,0.6343434343434343,0.12083101510483547
train,session,J,HL,exact,3960,3465,0,0.0,0.0,0.12083101510483547
train,session,J,HL,tag,3960,3465,3400,0.8585858585858586,0.9812409812409812,0.12083101510483547
train,session,J,LH,album,3960,3465,1441,0.3638888888888889,0.4158730158730159,0.11305462289963045
train,session,J,LH,artist,3960,3465,1956,0.49393939393939396,0.5645021645021645,0.11305462289963045
train,session,J,LH,exact,3960,3465,0,0.0,0.0,0.11305462289963045
train,session,J,LH,tag,3960,3465,3415,0.8623737373737373,0.9855699855699855,0.11305462289963045
train,session,J,LL,album,2544,2226,833,0.327437106918239,0.3742138364779874,0.1156403181781494
train,session,J,LL,artist,2544,2226,1140,0.4481132075471698,0.5121293800539084,0.1156403181781494
train,session,J,LL,exact,2544,2226,0,0.0,0.0,0.1156403181781494
train,session,J,LL,tag,2544,2226,2189,0.8604559748427673,0.9833782569631626,0.1156403181781494
train,session,K,HH,album,1360,1190,546,0.40147058823529413,0.4588235294117647,0.12134861482434747
train,session,K,HH,artist,1360,1190,733,0.5389705882352941,0.6159663865546219,0.12134861482434747
train,session,K,HH,exact,1360,1190,0,0.0,0.0,0.12134861482434747
train,session,K,HH,tag,1360,1190,1160,0.8529411764705882,0.9747899159663865,0.12134861482434747
train,session,K,HL,album,5320,4655,2118,0.3981203007518797,0.45499462943071967,0.11719656732187983
train,session,K,HL,artist,5320,4655,2849,0.5355263157894737,0.6120300751879699,0.11719656732187983
train,session,K,HL,exact,5320,4655,0,0.0,0.0,0.11719656732187983
train,session,K,HL,tag,5320,4655,4623,0.8689849624060151,0.99312567132116,0.11719656732187983
train,session,K,LH,album,4968,4347,2031,0.40881642512077293,0.46721877156659763,0.11694671108524939
train,session,K,LH,artist,4968,4347,2709,0.5452898550724637,0.6231884057971014,0.11694671108524939
train,session,K,LH,exact,4968,4347,0,0.0,0.0,0.11694671108524939
train,session,K,LH,tag,4968,4347,4299,0.8653381642512077,0.9889579020013802,0.11694671108524939
train,session,K,LL,album,4032,3528,1562,0.38740079365079366,0.4427437641723356,0.1215911149486249
train,session,K,LL,artist,4032,3528,2094,0.5193452380952381,0.5935374149659864,0.1215911149486249
train,session,K,LL,exact,4032,3528,0,0.0,0.0,0.1215911149486249
train,session,K,LL,tag,4032,3528,3482,0.8635912698412699,0.9869614512471655,0.1215911149486249
train,user,A,HH,album,152,64,12,0.07894736842105263,0.1875,0.017899247274570453
train,user,A,HH,artist,152,64,20,0.13157894736842105,0.3125,0.017899247274570453
train,user,A,HH,exact,152,64,10,0.06578947368421052,0.15625,0.017899247274570453
train,user,A,HH,tag,152,64,53,0.34868421052631576,0.828125,0.017899247274570453
train,user,A,HL,album,4048,1712,306,0.07559288537549406,0.17873831775700935,0.01932094507031786
train,user,A,HL,artist,4048,1712,421,0.10400197628458498,0.24591121495327103,0.01932094507031786
train,user,A,HL,exact,4048,1712,147,0.036314229249011856,0.08586448598130841,0.01932094507031786
train,user,A,HL,tag,4048,1712,1640,0.4051383399209486,0.9579439252336449,0.01932094507031786
train,user,A,LH,album,2856,1144,248,0.08683473389355742,0.21678321678321677,0.022148313346536556
train,user,A,LH,artist,2856,1144,372,0.13025210084033614,0.32517482517482516,0.022148313346536556
train,user,A,LH,exact,2856,1144,127,0.04446778711484594,0.11101398601398602,0.022148313346536556
train,user,A,LH,tag,2856,1144,1089,0.38130252100840334,0.9519230769230769,0.022148313346536556
train,user,A,LL,album,1616,696,184,0.11386138613861387,0.26436781609195403,0.02276067651921302
train,user,A,LL,artist,1616,696,247,0.15284653465346534,0.35488505747126436,0.02276067651921302
train,user,A,LL,exact,1616,696,78,0.04826732673267327,0.11206896551724138,0.02276067651921302
train,user,A,LL,tag,1616,696,675,0.4176980198019802,0.9698275862068966,0.02276067651921302
train,user,B,HH,album,3280,1456,346,0.10548780487804878,0.23763736263736263,0.020989776005311003
train,user,B,HH,artist,3280,1456,435,0.1326219512195122,0.29876373626373626,0.020989776005311003
train,user,B,HH,exact,3280,1456,174,0.05304878048780488,0.11950549450549451,0.020989776005311003
train,user,B,HH,tag,3280,1456,1423,0.43384146341463414,0.9773351648351648,0.020989776005311003
train,user,B,HL,album,4592,2032,414,0.0901567944250871,0.20374015748031496,0.021960792576610315
train,user,B,HL,artist,4592,2032,583,0.12695993031358885,0.2869094488188976,0.021960792576610315
train,user,B,HL,exact,4592,2032,183,0.03985191637630662,0.09005905511811024,0.021960792576610315
train,user,B,HL,tag,4592,2032,1976,0.43031358885017423,0.9724409448818898,0.021960792576610315
train,user,B,LH,album,4368,2120,500,0.11446886446886446,0.2358490566037736,0.024101160776135125
train,user,B,LH,artist,4368,2120,656,0.15018315018315018,0.30943396226415093,0.024101160776135125
train,user,B,LH,exact,4368,2120,231,0.052884615384615384,0.1089622641509434,0.024101160776135125
train,user,B,LH,tag,4368,2120,2061,0.47184065934065933,0.9721698113207548,0.024101160776135125
train,user,B,LL,album,4952,2008,491,0.0991518578352181,0.24452191235059761,0.01864115135604192
train,user,B,LL,artist,4952,2008,691,0.13953957996768981,0.34412350597609564,0.01864115135604192
train,user,B,LL,exact,4952,2008,224,0.045234248788368334,0.11155378486055777,0.01864115135604192
train,user,B,LL,tag,4952,2008,1922,0.38812600969305333,0.9571713147410359,0.01864115135604192
train,user,C,HH,album,392,176,30,0.07653061224489796,0.17045454545454544,0.026084605533174248
train,user,C,HH,artist,392,176,38,0.09693877551020408,0.2159090909090909,0.026084605533174248
train,user,C,HH,exact,392,176,17,0.04336734693877551,0.09659090909090909,0.026084605533174248
train,user,C,HH,tag,392,176,171,0.4362244897959184,0.9715909090909091,0.026084605533174248
train,user,C,HL,album,960,360,75,0.078125,0.20833333333333334,0.015937416371065098
train,user,C,HL,artist,960,360,109,0.11354166666666667,0.30277777777777776,0.015937416371065098
train,user,C,HL,exact,960,360,27,0.028125,0.075,0.015937416371065098
train,user,C,HL,tag,960,360,347,0.3614583333333333,0.9638888888888889,0.015937416371065098
train,user,C,LH,album,4992,1984,557,0.11157852564102565,0.2807459677419355,0.021138971815408105
train,user,C,LH,artist,4992,1984,727,0.14563301282051283,0.36643145161290325,0.021138971815408105
train,user,C,LH,exact,4992,1984,250,0.05008012820512821,0.12600806451612903,0.021138971815408105
train,user,C,LH,tag,4992,1984,1901,0.3808092948717949,0.9581653225806451,0.021138971815408105
train,user,C,LL,album,1480,728,138,0.09324324324324325,0.18956043956043955,0.01887502875583276
train,user,C,LL,artist,1480,728,226,0.1527027027027027,0.31043956043956045,0.01887502875583276
train,user,C,LL,exact,1480,728,61,0.04121621621621622,0.08379120879120878,0.01887502875583276
train,user,C,LL,tag,1480,728,683,0.4614864864864865,0.9381868131868132,0.01887502875583276
train,user,D,HH,album,1208,528,161,0.13327814569536423,0.30492424242424243,0.03333066023962466
train,user,D,HH,artist,1208,528,200,0.16556291390728478,0.3787878787878788,0.03333066023962466
train,user,D,HH,exact,1208,528,68,0.056291390728476824,0.12878787878787878,0.03333066023962466
train,user,D,HH,tag,1208,528,516,0.4271523178807947,0.9772727272727273,0.03333066023962466
train,user,D,HL,album,3160,1160,266,0.08417721518987342,0.2293103448275862,0.01667786363387233
train,user,D,HL,artist,3160,1160,344,0.10886075949367088,0.296551724137931,0.01667786363387233
train,user,D,HL,exact,3160,1160,141,0.044620253164556964,0.12155172413793103,0.01667786363387233
train,user,D,HL,tag,3160,1160,1121,0.354746835443038,0.9663793103448276,0.01667786363387233
train,user,D,LH,album,3776,1752,402,0.10646186440677965,0.22945205479452055,0.0258388521392294
train,user,D,LH,artist,3776,1752,532,0.1408898305084746,0.3036529680365297,0.0258388521392294
train,user,D,LH,exact,3776,1752,177,0.046875,0.10102739726027397,0.0258388521392294
train,user,D,LH,tag,3776,1752,1714,0.4539194915254237,0.978310502283105,0.0258388521392294
train,user,D,LL,album,1488,648,198,0.13306451612903225,0.3055555555555556,0.02408156856723894
train,user,D,LL,artist,1488,648,247,0.16599462365591397,0.38117283950617287,0.02408156856723894
train,user,D,LL,exact,1488,648,97,0.06518817204301075,0.14969135802469136,0.02408156856723894
train,user,D,LL,tag,1488,648,630,0.42338709677419356,0.9722222222222222,0.02408156856723894
train,user,E,HH,album,736,240,68,0.09239130434782608,0.2833333333333333,0.02271374613778423
train,user,E,HH,artist,736,240,89,0.12092391304347826,0.37083333333333335,0.02271374613778423
train,user,E,HH,exact,736,240,36,0.04891304347826087,0.15,0.02271374613778423
train,user,E,HH,tag,736,240,234,0.3179347826086957,0.975,0.02271374613778423
train,user,E,HL,album,2784,1168,183,0.06573275862068965,0.1566780821917808,0.019493712845450345
train,user,E,HL,artist,2784,1168,267,0.09590517241379311,0.2285958904109589,0.019493712845450345
train,user,E,HL,exact,2784,1168,85,0.0305316091954023,0.07277397260273973,0.019493712845450345
train,user,E,HL,tag,2784,1168,1111,0.399066091954023,0.9511986301369864,0.019493712845450345
train,user,E,LH,album,3768,1664,410,0.10881104033970276,0.24639423076923078,0.022973815216276092
train,user,E,LH,artist,3768,1664,540,0.14331210191082802,0.3245192307692308,0.022973815216276092
train,user,E,LH,exact,3768,1664,237,0.06289808917197452,0.1424278846153846,0.022973815216276092
train,user,E,LH,tag,3768,1664,1626,0.4315286624203822,0.9771634615384616,0.022973815216276092
train,user,E,LL,album,3112,1360,294,0.09447300771208227,0.2161764705882353,0.02006561674400545
train,user,E,LL,artist,3112,1360,390,0.12532133676092544,0.2867647058823529,0.02006561674400545
train,user,E,LL,exact,3112,1360,124,0.03984575835475578,0.09117647058823529,0.02006561674400545
train,user,E,LL,tag,3112,1360,1309,0.42062982005141386,0.9625,0.02006561674400545
train,user,F,HH,album,1232,560,119,0.09659090909090909,0.2125,0.022704572480622544
train,user,F,HH,artist,1232,560,183,0.14853896103896103,0.3267857142857143,0.022704572480622544
train,user,F,HH,exact,1232,560,55,0.044642857142857144,0.09821428571428571,0.022704572480622544
train,user,F,HH,tag,1232,560,537,0.43587662337662336,0.9589285714285715,0.022704572480622544
train,user,F,HL,album,3640,1512,321,0.08818681318681319,0.2123015873015873,0.02001847523177927
train,user,F,HL,artist,3640,1512,438,0.12032967032967033,0.2896825396825397,0.02001847523177927
train,user,F,HL,exact,3640,1512,177,0.04862637362637363,0.11706349206349206,0.02001847523177927
train,user,F,HL,tag,3640,1512,1459,0.40082417582417584,0.96494708994709,0.02001847523177927
train,user,F,LH,album,2512,1160,239,0.09514331210191083,0.20603448275862069,0.02125483120030457
train,user,F,LH,artist,2512,1160,332,0.1321656050955414,0.28620689655172415,0.02125483120030457
train,user,F,LH,exact,2512,1160,107,0.04259554140127388,0.09224137931034483,0.02125483120030457
train,user,F,LH,tag,2512,1160,1104,0.4394904458598726,0.9517241379310345,0.02125483120030457
train,user,F,LL,album,1312,536,111,0.08460365853658537,0.20708955223880596,0.018115728170911567
train,user,F,LL,artist,1312,536,162,0.12347560975609756,0.30223880597014924,0.018115728170911567
train,user,F,LL,exact,1312,536,58,0.04420731707317073,0.10820895522388059,0.018115728170911567
train,user,F,LL,tag,1312,536,526,0.4009146341463415,0.9813432835820896,0.018115728170911567
train,user,G,HH,album,1320,584,161,0.12196969696969696,0.2756849315068493,0.02371133593023659
train,user,G,HH,artist,1320,584,207,0.15681818181818183,0.3544520547945205,0.02371133593023659
train,user,G,HH,exact,1320,584,75,0.056818181818181816,0.1284246575342466,0.02371133593023659
train,user,G,HH,tag,1320,584,561,0.425,0.9606164383561644,0.02371133593023659
train,user,G,HL,album,3232,1416,329,0.10179455445544554,0.2323446327683616,0.02264777449544121
train,user,G,HL,artist,3232,1416,494,0.15284653465346534,0.3488700564971751,0.02264777449544121
train,user,G,HL,exact,3232,1416,164,0.050742574257425746,0.11581920903954802,0.02264777449544121
train,user,G,HL,tag,3232,1416,1365,0.4223391089108911,0.9639830508474576,0.02264777449544121
train,user,G,LH,album,4272,1792,429,0.10042134831460674,0.23939732142857142,0.02048954873962814
train,user,G,LH,artist,4272,1792,608,0.14232209737827714,0.3392857142857143,0.02048954873962814
train,user,G,LH,exact,4272,1792,236,0.0552434456928839,0.13169642857142858,0.02048954873962814
train,user,G,LH,tag,4272,1792,1732,0.4054307116104869,0.9665178571428571,0.02048954873962814
train,user,G,LL,album,2048,960,213,0.10400390625,0.221875,0.02445493882074807
train,user,G,LL,artist,2048,960,303,0.14794921875,0.315625,0.02445493882074807
train,user,G,LL,exact,2048,960,103,0.05029296875,0.10729166666666666,0.02445493882074807
train,user,G,LL,tag,2048,960,928,0.453125,0.9666666666666667,0.02445493882074807
train,user,H,HH,album,1544,744,193,0.125,0.2594086021505376,0.023718818791011856
train,user,H,HH,artist,1544,744,249,0.16126943005181346,0.3346774193548387,0.023718818791011856
train,user,H,HH,exact,1544,744,98,0.06347150259067358,0.13172043010752688,0.023718818791011856
train,user,H,HH,tag,1544,744,696,0.45077720207253885,0.9354838709677419,0.023718818791011856
train,user,H,HL,album,6152,2456,513,0.08338751625487646,0.20887622149837134,0.0178033043895592
train,user,H,HL,artist,6152,2456,695,0.11297139141742522,0.28298045602605865,0.0178033043895592
train,user,H,HL,exact,6152,2456,258,0.04193758127438232,0.10504885993485343,0.0178033043895592
train,user,H,HL,tag,6152,2456,2369,0.38507802340702213,0.9645765472312704,0.0178033043895592
train,user,H,LH,album,4832,2320,434,0.08981788079470199,0.1870689655172414,0.02124966823128044
train,user,H,LH,artist,4832,2320,630,0.13038079470198677,0.27155172413793105,0.02124966823128044
train,user,H,LH,exact,4832,2320,207,0.04283940397350993,0.08922413793103448,0.02124966823128044
train,user,H,LH,tag,4832,2320,2244,0.4644039735099338,0.9672413793103448,0.02124966823128044
train,user,H,LL,album,5032,2208,481,0.09558823529411764,0.21784420289855072,0.02286958406528639
train,user,H,LL,artist,5032,2208,659,0.13096184419713833,0.29846014492753625,0.02286958406528639
train,user,H,LL,exact,5032,2208,239,0.04749602543720191,0.1082427536231884,0.02286958406528639
train,user,H,LL,tag,5032,2208,2064,0.41017488076311603,0.9347826086956522,0.02286958406528639
train,user,I,HH,album,824,408,112,0.13592233009708737,0.27450980392156865,0.026054485656791453
train,user,I,HH,artist,824,408,151,0.18325242718446602,0.3700980392156863,0.026054485656791453
train,user,I,HH,exact,824,408,65,0.07888349514563107,0.15931372549019607,0.026054485656791453
train,user,I,HH,tag,824,408,397,0.4817961165048544,0.9730392156862745,0.026054485656791453
train,user,I,HL,album,432,248,58,0.13425925925925927,0.23387096774193547,0.023663437430634284
train,user,I,HL,artist,432,248,65,0.15046296296296297,0.2620967741935484,0.023663437430634284
train,user,I,HL,exact,432,248,34,0.0787037037037037,0.13709677419354838,0.023663437430634284
train,user,I,HL,tag,432,248,241,0.5578703703703703,0.9717741935483871,0.023663437430634284
train,user,I,LH,album,1120,584,129,0.11517857142857142,0.2208904109589041,0.021207268536031738
train,user,I,LH,artist,1120,584,171,0.15267857142857144,0.2928082191780822,0.021207268536031738
train,user,I,LH,exact,1120,584,76,0.06785714285714285,0.13013698630136986,0.021207268536031738
train,user,I,LH,tag,1120,584,540,0.48214285714285715,0.9246575342465754,0.021207268536031738
train,user,I,LL,album,720,384,102,0.14166666666666666,0.265625,0.019390220131152294
train,user,I,LL,artist,720,384,131,0.18194444444444444,0.3411458333333333,0.019390220131152294
train,user,I,LL,exact,720,384,70,0.09722222222222222,0.18229166666666666,0.019390220131152294
train,user,I,LL,tag,720,384,355,0.4930555555555556,0.9244791666666666,0.019390220131152294
train,user,J,HH,album,1504,824,189,0.12566489361702127,0.22936893203883496,0.028427399843066574
train,user,J,HH,artist,1504,824,263,0.17486702127659576,0.3191747572815534,0.028427399843066574
train,user,J,HH,exact,1504,824,108,0.07180851063829788,0.13106796116504854,0.028427399843066574
train,user,J,HH,tag,1504,824,806,0.535904255319149,0.9781553398058253,0.028427399843066574
train,user,J,HL,album,3960,1512,311,0.07853535353535354,0.2056878306878307,0.01671943191010279
train,user,J,HL,artist,3960,1512,463,0.11691919191919192,0.3062169312169312,0.01671943191010279
train,user,J,HL,exact,3960,1512,157,0.039646464646464645,0.10383597883597884,0.01671943191010279
train,user,J,HL,tag,3960,1512,1445,0.3648989898989899,0.9556878306878307,0.01671943191010279
train,user,J,LH,album,3960,1944,453,0.1143939393939394,0.2330246913580247,0.023231229204546466
train,user,J,LH,artist,3960,1944,580,0.14646464646464646,0.29835390946502055,0.023231229204546466
train,user,J,LH,exact,3960,1944,209,0.05277777777777778,0.10751028806584362,0.023231229204546466
train,user,J,LH,tag,3960,1944,1872,0.4727272727272727,0.9629629629629629,0.023231229204546466
train,user,J,LL,album,2544,1160,255,0.10023584905660378,0.21982758620689655,0.020431201948769687
train,user,J,LL,artist,2544,1160,343,0.13482704402515724,0.2956896551724138,0.020431201948769687
train,user,J,LL,exact,2544,1160,131,0.0514937106918239,0.11293103448275862,0.020431201948769687
train,user,J,LL,tag,2544,1160,1119,0.43985849056603776,0.9646551724137931,0.020431201948769687
train,user,K,HH,album,1360,512,99,0.07279411764705883,0.193359375,0.018191271141430248
train,user,K,HH,artist,1360,512,147,0.10808823529411765,0.287109375,0.018191271141430248
train,user,K,HH,exact,1360,512,61,0.04485294117647059,0.119140625,0.018191271141430248
train,user,K,HH,tag,1360,512,488,0.3588235294117647,0.953125,0.018191271141430248
train,user,K,HL,album,5320,2288,428,0.08045112781954887,0.18706293706293706,0.019387894982781668
train,user,K,HL,artist,5320,2288,622,0.11691729323308271,0.2718531468531469,0.019387894982781668
train,user,K,HL,exact,5320,2288,195,0.03665413533834586,0.08522727272727272,0.019387894982781668
train,user,K,HL,tag,5320,2288,2208,0.4150375939849624,0.965034965034965,0.019387894982781668
train,user,K,LH,album,4968,2112,425,0.0855475040257649,0.2012310606060606,0.019604820886547223
train,user,K,LH,artist,4968,2112,560,0.11272141706924316,0.26515151515151514,0.019604820886547223
train,user,K,LH,exact,4968,2112,200,0.040257648953301126,0.0946969696969697,0.019604820886547223
train,user,K,LH,tag,4968,2112,2007,0.40398550724637683,0.9502840909090909,0.019604820886547223
train,user,K,LL,album,4032,1640,280,0.06944444444444445,0.17073170731707318,0.01971428156113891
train,user,K,LL,artist,4032,1640,402,0.09970238095238096,0.2451219512195122,0.01971428156113891
train,user,K,LL,exact,4032,1640,141,0.034970238095238096,0.08597560975609755,0.01971428156113891
train,user,K,LL,tag,4032,1640,1555,0.38566468253968256,0.948170731707317,0.01971428156113891
