annotation_id,session_id,turn_number,sample_stratum,population_n,sample_n,sample_weight,pivot_broad_discovery,pivot_artist_explicit,pivot_core_change,moves,previous_same_cumulative,current_same_cumulative,high_conflict,context_before_current_sha256,current_user_message_sha256,sample_seed,conversation_dataset_name,conversation_dataset_fingerprint,metadata_dataset_name,metadata_dataset_fingerprint,detector_rule_sha256,guideline_version
PIVOT-0001,caa004f2-8de9-4559-a086-3741a5e92783,3,broad_positive_other,6083,50,121.66,True,True,False,1,True,True,False,8dfcda396146e1ae0a57f3218f0434e89ad89d29f8b785e95c35fbe6b1dfbabf,c6a2d064ddf389111ad36034b17c3b48c832ab1d6ad43fc08e2f070c3af89daf,20260723,talkpl-ai/TalkPlayData-Challenge-Dataset,0c9db04e7549bc35,talkpl-ai/TalkPlayData-Challenge-Track-Metadata,292f7c9ef0e88892,8551f53006f8cb7603412eec5ad707eb4b8e0a9487edcdfbf03e9e01b99c98a7,2026-07-23
PIVOT-0002,84b2f4e6-e540-4931-9a64-5a16ec969170,6,broad_positive_high_conflict,4899,50,97.98,True,True,False,0,True,True,True,85e8ec964211fb08f7ebec98a7fa176407cb464305cbfb9c60130a7eda58e551,00ccdbb8c4525d2326854234e207439460d46a41b86d3b75f9f8fdb308b7a2cb,20260723,talkpl-ai/TalkPlayData-Challenge-Dataset,0c9db04e7549bc35,talkpl-ai/TalkPlayData-Challenge-Track-Metadata,292f7c9ef0e88892,8551f53006f8cb7603412eec5ad707eb4b8e0a9487edcdfbf03e9e01b99c98a7,2026-07-23
PIVOT-0003,61b5e898-35b6-4af4-a910-0b953cef9be5,6,broad_positive_high_conflict,4899,50,97.98,True,True,False,0,True,True,True,1ae2bd9439222889b8151638df22d3cbfeb9fd138b249d65a02579e0bdd6915b,bc8772d559e0a07ea89610f49616b2b3551c35b19cce11173c7d5813f52e27b0,20260723,talkpl-ai/TalkPlayData-Challenge-Dataset,0c9db04e7549bc35,talkpl-ai/TalkPlayData-Challenge-Track-Metadata,292f7c9ef0e88892,8551f53006f8cb7603412eec5ad707eb4b8e0a9487edcdfbf03e9e01b99c98a7,2026-07-23
PIVOT-0004,62937488-f482-42ea-b8b3-8164e426edcd,2,broad_negative,95411,100,954.11,False,False,False,0,,False,False,9a49c4402fe437868df84dc41e762c1a88f04f94135092f172bfdc41695f348a,9188e0b22b25d510b8d8fffe53f5b698db5609cb896f5b387f365ce4c73da59a,20260723,talkpl-ai/TalkPlayData-Challenge-Dataset,0c9db04e7549bc35,talkpl-ai/TalkPlayData-Challenge-Track-Metadata,292f7c9ef0e88892,8551f53006f8cb7603412eec5ad707eb4b8e0a9487edcdfbf03e9e01b99c98a7,2026-07-23
PIVOT-0005,033621e8-92a1-4f84-b795-dc723d6d9ce0,6,broad_positive_high_conflict,4899,50,97.98,True,True,True,0,True,True,True,9d82f50de9ccc880f7e62c8ccd78b8f839e950a28f23fa4b7217ad81a8c35048,17debe84b42813648afa87afcb71d4216eaac00e9c47267566ef10b44896384a,20260723,talkpl-ai/TalkPlayData-Challenge-Dataset,0c9db04e7549bc35,talkpl-ai/TalkPlayData-Challenge-Track-Metadata,292f7c9ef0e88892,8551f53006f8cb7603412eec5ad707eb4b8e0a9487edcdfbf03e9e01b99c98a7,2026-07-23
PIVOT-0006,95c1f903-146c-44a1-9bd3-009445cc7746,7,broad_negative,95411,100,954.11,False,False,False,0,True,True,False,956ce78071be42cdc97f4c5707189821519963edd5efb77baed64fcdd78b3884,29ef28a9296ad422c2769f432b2a9e9322d40cae543e83934d3ed8cee95add4e,20260723,talkpl-ai/TalkPlayData-Challenge-Dataset,0c9db04e7549bc35,talkpl-ai/TalkPlayData-Challenge-Track-Metadata,292f7c9ef0e88892,8551f53006f8cb7603412eec5ad707eb4b8e0a9487edcdfbf03e9e01b99c98a7,2026-07-23
PIVOT-0007,4c46e255-36c6-4eca-91b5-37f7806878ce,7,broad_positive_high_conflict,4899,50,97.98,True,True,True,0,True,True,True,d1b548ae5b0606eec508c6ecc3aee85250e9ccff94d74d78e0df5410ffc13972,8c102a8f71922cfd5350764d74065a5952e76ce8556ff10d7c04d27a1b4c8c24,20260723,talkpl-ai/TalkPlayData-Challenge-Dataset,0c9db04e7549bc35,talkpl-ai/TalkPlayData-Challenge-Track-Metadata,292f7c9ef0e88892,8551f53006f8cb7603412eec5ad707eb4b8e0a9487edcdfbf03e9e01b99c98a7,2026-07-23
PIVOT-0008,c373aafc-d68c-4358-87f2-c963d416a76d,2,broad_negative,95411,100,954.11,False,False,False,1,,False,False,0cc541d2a468742abd7a1dcb81d6ebc9a653db59e78d57c0bbcd6f136cfae235,51666e12d4de568b200e3277923da7d660b7e1c5485ec9cca151620f3fa6c25f,20260723,talkpl-ai/TalkPlayData-Challenge-Dataset,0c9db04e7549bc35,talkpl-ai/TalkPlayData-Challenge-Track-Metadata,292f7c9ef0e88892,8551f53006f8cb7603412eec5ad707eb4b8e0a9487edcdfbf03e9e01b99c98a7,2026-07-23
PIVOT-0009,9ffa0222-f0ab-4cef-b254-8d00f00f544e,2,broad_negative,95411,100,954.11,False,False,False,0,,True,False,0eac47d55d44c4a021a27d3e51eb66eb60cf1f97af7593f581d08472652515e5,690c601900e09359b30b3888ff14a95f1ebec8458715e3f18b461ecf24879f1d,20260723,talkpl-ai/TalkPlayData-Challenge-Dataset,0c9db04e7549bc35,talkpl-ai/TalkPlayData-Challenge-Track-Metadata,292f7c9ef0e88892,8551f53006f8cb7603412eec5ad707eb4b8e0a9487edcdfbf03e9e01b99c98a7,2026-07-23
PIVOT-0010,77971bb0-9491-4708-a769-42bf1618b4e7,8,broad_positive_other,6083,50,121.66,True,False,False,0,False,False,False,80a3fd7eda78b7c1a0134e667eec02464055963668416277fdd7ad37932ade67,ce99576adb47cccc7944d576b3f06a60a4246eab40e3790954e1893ce51303ee,20260723,talkpl-ai/TalkPlayData-Challenge-Dataset,0c9db04e7549bc35,talkpl-ai/TalkPlayData-Challenge-Track-Metadata,292f7c9ef0e88892,8551f53006f8cb7603412eec5ad707eb4b8e0a9487edcdfbf03e9e01b99c98a7,2026-07-23
PIVOT-0011,1a8718d3-b39e-4c3e-b35d-b5165a79a901,7,broad_negative,95411,100,954.11,False,True,True,1,False,True,False,e2cbcebf85cd8f637304c94ef4732567392483575ca65144b1aabafb23ae7586,788b61499dd7cb54ed5a70510a273f9df522ffee99b9ea3f03b727955f6c4e04,20260723,talkpl-ai/TalkPlayData-Challenge-Dataset,0c9db04e7549bc35,talkpl-ai/TalkPlayData-Challenge-Track-Metadata,292f7c9ef0e88892,8551f53006f8cb7603412eec5ad707eb4b8e0a9487edcdfbf03e9e01b99c98a7,2026-07-23
PIVOT-0012,24f7b0d8-1bb3-4486-8382-b2063bfcbb7f,4,broad_negative,95411,100,954.11,False,False,False,1,False,True,False,80d17a5923b7e9198c9a4b0cf70a40ef7920a905d3a1152a75d953ac16f73edb,0aca7876ec853979c0802f7fb7d10811705d9e836dd933658ed70ca560277f93,20260723,talkpl-ai/TalkPlayData-Challenge-Dataset,0c9db04e7549bc35,talkpl-ai/TalkPlayData-Challenge-Track-Metadata,292f7c9ef0e88892,8551f53006f8cb7603412eec5ad707eb4b8e0a9487edcdfbf03e9e01b99c98a7,2026-07-23
PIVOT-0013,d65ebb8a-a4ac-4e16-96cc-63a330245c60,6,broad_negative,95411,100,954.11,False,False,False,0,True,True,False,9c096963aa1998bd36da6fbc71a03bdf1df196be11e14199fc35a2dd806cca4b,b193eee9d8d1df104f07f499f1dc2544c851a42d3b1a85cb9eaf96ecdb280ca1,20260723,talkpl-ai/TalkPlayData-Challenge-Dataset,0c9db04e7549bc35,talkpl-ai/TalkPlayData-Challenge-Track-Metadata,292f7c9ef0e88892,8551f53006f8cb7603412eec5ad707eb4b8e0a9487edcdfbf03e9e01b99c98a7,2026-07-23
PIVOT-0014,42a7975a-51e2-4809-935f-1568c1bcf3e8,6,broad_positive_high_conflict,4899,50,97.98,True,False,False,0,True,True,True,2ba004f06839043419f2a6ab728d90aca68ed07dd155cbd2df3a6a9c7ce1b38d,dcca63ccab0b4d74d5c9a51219ec23012746b1148977abf7abfa0d54cdf50c34,20260723,talkpl-ai/TalkPlayData-Challenge-Dataset,0c9db04e7549bc35,talkpl-ai/TalkPlayData-Challenge-Track-Metadata,292f7c9ef0e88892,8551f53006f8cb7603412eec5ad707eb4b8e0a9487edcdfbf03e9e01b99c98a7,2026-07-23
PIVOT-0015,8f382504-493a-43c9-8cab-0b0f2c3b1c9f,3,broad_negative,95411,100,954.11,False,False,False,0,True,True,False,13bb5a610d59b918ede40694510ce3ec7c0837e6118561875acc623a4dc29ea3,cac3e223336981bf4ccbcd5e6dee3cb694df84c583541366d4934b422f764cac,20260723,talkpl-ai/TalkPlayData-Challenge-Dataset,0c9db04e7549bc35,talkpl-ai/TalkPlayData-Challenge-Track-Metadata,292f7c9ef0e88892,8551f53006f8cb7603412eec5ad707eb4b8e0a9487edcdfbf03e9e01b99c98a7,2026-07-23
PIVOT-0016,0da8889b-3609-4002-a511-1346cd526d85,3,broad_negative,95411,100,954.11,False,False,False,1,True,True,False,a9e8618841c3b85b18f0003a86c9108022f031feeb97b7c8f0b379313c3f995d,52b4aa4c7e1c5fd52d30ba9b42a971401202a146ebe3eb0179330403386284fb,20260723,talkpl-ai/TalkPlayData-Challenge-Dataset,0c9db04e7549bc35,talkpl-ai/TalkPlayData-Challenge-Track-Metadata,292f7c9ef0e88892,8551f53006f8cb7603412eec5ad707eb4b8e0a9487edcdfbf03e9e01b99c98a7,2026-07-23
PIVOT-0017,b72eee10-2e4e-4fa5-b0c8-f7bfbaaf0ba1,7,broad_negative,95411,100,954.11,False,False,False,0,True,True,False,a20eb1f6e4467fa7ca3ca45a8299cabd65310f88b00775a0c23d7cc07d06107c,df38e2969a1ec0bfe5c6dbafe0a5fc2e71c08daf2b10004d95a075d5208251ef,20260723,talkpl-ai/TalkPlayData-Challenge-Dataset,0c9db04e7549bc35,talkpl-ai/TalkPlayData-Challenge-Track-Metadata,292f7c9ef0e88892,8551f53006f8cb7603412eec5ad707eb4b8e0a9487edcdfbf03e9e01b99c98a7,2026-07-23
PIVOT-0018,30da05f9-fcfc-41fa-8dbe-ee3ce5d2e612,7,broad_positive_high_conflict,4899,50,97.98,True,True,True,0,True,True,True,da6fca95bb66bd57a05d12fd72bde9af319bd86023ee142255e3c5c8ffb4333f,d6cd548d6e08d9861504d4722b5cffccb37b01e76cc39308ebafa5c4dd428550,20260723,talkpl-ai/TalkPlayData-Challenge-Dataset,0c9db04e7549bc35,talkpl-ai/TalkPlayData-Challenge-Track-Metadata,292f7c9ef0e88892,8551f53006f8cb7603412eec5ad707eb4b8e0a9487edcdfbf03e9e01b99c98a7,2026-07-23
PIVOT-0019,1af6ea09-f709-4e2e-b509-10a991bf295e,5,broad_negative,95411,100,954.11,False,False,False,0,False,True,False,a10c32cf2d61217733cb0fce833c6641b8fd10737fbafd9b97b7ecfa5c9855ad,a3785d22037285109f0f25aa0998408e466dfc104fe46480cb33a6b27306fecc,20260723,talkpl-ai/TalkPlayData-Challenge-Dataset,0c9db04e7549bc35,talkpl-ai/TalkPlayData-Challenge-Track-Metadata,292f7c9ef0e88892,8551f53006f8cb7603412eec5ad707eb4b8e0a9487edcdfbf03e9e01b99c98a7,2026-07-23
PIVOT-0020,7de70da1-34fb-4647-a283-d23aa83ee445,8,broad_positive_other,6083,50,121.66,True,True,True,1,True,True,False,1ce31abfc0ff5b8649c5ef221a979b26bffb005d9248f86326a40f04be7efe2d,c9ccf714e4ac7d4cbd3d2aa13961ec7751471d4fafa33e60987542770b39263c,20260723,talkpl-ai/TalkPlayData-Challenge-Dataset,0c9db04e7549bc35,talkpl-ai/TalkPlayData-Challenge-Track-Metadata,292f7c9ef0e88892,8551f53006f8cb7603412eec5ad707eb4b8e0a9487edcdfbf03e9e01b99c98a7,2026-07-23
PIVOT-0021,04d03437-92a3-48bf-b507-4f7dddede004,5,broad_positive_high_conflict,4899,50,97.98,True,True,False,0,True,False,True,70d8b9d74ac63d0a4a2e1e20ffd33734ad960709037c70dffbe8a1616074cabb,bc8d0676fccc2328c8debf56db63302980619ebab2f62789c3937cd3af575479,20260723,talkpl-ai/TalkPlayData-Challenge-Dataset,0c9db04e7549bc35,talkpl-ai/TalkPlayData-Challenge-Track-Metadata,292f7c9ef0e88892,8551f53006f8cb7603412eec5ad707eb4b8e0a9487edcdfbf03e9e01b99c98a7,2026-07-23
PIVOT-0022,c493bcb5-8c36-4869-8260-41373f3b338a,5,broad_positive_other,6083,50,121.66,True,False,False,1,False,True,False,87dbd53ac226c4f839ef516c3cbe93c41c2b754e47b73f4b8fcced19bc8616ab,477b5f0cfdbc44e5e3f329d52d0a9cfc736b513c2608ae5ea594b6c95e1d9e09,20260723,talkpl-ai/TalkPlayData-Challenge-Dataset,0c9db04e7549bc35,talkpl-ai/TalkPlayData-Challenge-Track-Metadata,292f7c9ef0e88892,8551f53006f8cb7603412eec5ad707eb4b8e0a9487edcdfbf03e9e01b99c98a7,2026-07-23
PIVOT-0023,9701b83f-5b88-4692-9b49-447900d89a1b,8,broad_positive_other,6083,50,121.66,True,True,True,1,False,False,False,f82ff3478375092df801f478f780c5f2f742a7d9feea5b5ba14676831bfa1a2f,41f7e4c7c445791b6b9e38680ee0c5c43c585f2f20db3fed58815870f7174258,20260723,talkpl-ai/TalkPlayData-Challenge-Dataset,0c9db04e7549bc35,talkpl-ai/TalkPlayData-Challenge-Track-Metadata,292f7c9ef0e88892,8551f53006f8cb7603412eec5ad707eb4b8e0a9487edcdfbf03e9e01b99c98a7,2026-07-23
PIVOT-0024,2fd0fec1-f551-440e-8b25-461bba6a67d7,8,broad_positive_other,6083,50,121.66,True,True,True,1,True,True,False,a343be580ffaa9ac80d4bca48ec28b7dc060f24706a7b510313c5e79e54a11a4,6152b6241a2ae4cc3f58f8603eb131ad45e165355bc8589e24b5e454a0c159c3,20260723,talkpl-ai/TalkPlayData-Challenge-Dataset,0c9db04e7549bc35,talkpl-ai/TalkPlayData-Challenge-Track-Metadata,292f7c9ef0e88892,8551f53006f8cb7603412eec5ad707eb4b8e0a9487edcdfbf03e9e01b99c98a7,2026-07-23
PIVOT-0025,d65ada1c-6477-4b67-b273-7380082baa1f,5,broad_positive_high_conflict,4899,50,97.98,True,False,False,0,True,True,True,017ceaa90a1880d6911f3c5a204e37f2b842b41ada9dd829ca0fcae062cce48f,7479ae57125adb76194887ead2b1ecda6a50e3e6e4d6b57b9ee971e9faf85315,20260723,talkpl-ai/TalkPlayData-Challenge-Dataset,0c9db04e7549bc35,talkpl-ai/TalkPlayData-Challenge-Track-Metadata,292f7c9ef0e88892,8551f53006f8cb7603412eec5ad707eb4b8e0a9487edcdfbf03e9e01b99c98a7,2026-07-23
PIVOT-0026,016717e8-ea69-48be-a126-5a671969b3a8,6,broad_negative,95411,100,954.11,False,False,False,1,True,True,False,50036c60b4834903c2f92f7a64b98dc57087edb880e17f9040e488c9abcf194f,20d4a826542ebd071b60a33b875dd687662b3e378e3e3be2b450cf7204f40fed,20260723,talkpl-ai/TalkPlayData-Challenge-Dataset,0c9db04e7549bc35,talkpl-ai/TalkPlayData-Challenge-Track-Metadata,292f7c9ef0e88892,8551f53006f8cb7603412eec5ad707eb4b8e0a9487edcdfbf03e9e01b99c98a7,2026-07-23
PIVOT-0027,da1cfa10-5e16-4204-9bcb-90b60cbf112c,2,broad_positive_other,6083,50,121.66,True,False,False,1,,True,False,23f4a5371661acd5b58d882bad6fcb1c5b775331bbe85b932394149f9fd0d7b5,e96a183644547cf5532f8d41258a113b04c0bd9e34621103cd8becd6752fcdc9,20260723,talkpl-ai/TalkPlayData-Challenge-Dataset,0c9db04e7549bc35,talkpl-ai/TalkPlayData-Challenge-Track-Metadata,292f7c9ef0e88892,8551f53006f8cb7603412eec5ad707eb4b8e0a9487edcdfbf03e9e01b99c98a7,2026-07-23
PIVOT-0028,7dbf130b-cf0e-443e-b763-a6418ce0b9bd,5,broad_negative,95411,100,954.11,False,False,False,0,True,True,False,99cd3d614f2c58ecf83fafa706bd2c7ffc47d4dc16b6d61e47c68bdaf5284867,3dd77c7469b42e647eee4314c74a26ed52104b30eede2cd82160efd0b5eb9991,20260723,talkpl-ai/TalkPlayData-Challenge-Dataset,0c9db04e7549bc35,talkpl-ai/TalkPlayData-Challenge-Track-Metadata,292f7c9ef0e88892,8551f53006f8cb7603412eec5ad707eb4b8e0a9487edcdfbf03e9e01b99c98a7,2026-07-23
PIVOT-0029,a6374c12-e472-4905-b535-17d0ac3b4ca3,5,broad_negative,95411,100,954.11,False,False,False,0,True,True,False,c33dc3863d02a7982cdf0986b2e022e6cf3570cd1e1ad23bb929e13718256e82,f5dd7b1a5002fbed43b678d70819bd2348deb174b6680c560340b114c3eec2cc,20260723,talkpl-ai/TalkPlayData-Challenge-Dataset,0c9db04e7549bc35,talkpl-ai/TalkPlayData-Challenge-Track-Metadata,292f7c9ef0e88892,8551f53006f8cb7603412eec5ad707eb4b8e0a9487edcdfbf03e9e01b99c98a7,2026-07-23
PIVOT-0030,265a2437-f92d-4a75-8d69-97179d7e462a,8,broad_positive_other,6083,50,121.66,True,False,False,1,False,True,False,cf861506ef449b84411849850a288ae24ae7707e6414b9877c4cad00bf6948f4,d6975ed68e1c58275df9fd79ab6f6c0dc748ff41ce0adcc02b9c2a0c5546cb01,20260723,talkpl-ai/TalkPlayData-Challenge-Dataset,0c9db04e7549bc35,talkpl-ai/TalkPlayData-Challenge-Track-Metadata,292f7c9ef0e88892,8551f53006f8cb7603412eec5ad707eb4b8e0a9487edcdfbf03e9e01b99c98a7,2026-07-23
PIVOT-0031,9f76e59b-0fdc-47cf-b97f-a8de284f8b31,4,broad_negative,95411,100,954.11,False,False,False,1,True,False,False,7f23d577e245a89a5672dc0a196965183a813ac7888ba2b4f254d36652db2907,c9463ef06019bb7301552ccd3032b98b406c3e4372f0f24ce45eacdeaa21d07c,20260723,talkpl-ai/TalkPlayData-Challenge-Dataset,0c9db04e7549bc35,talkpl-ai/TalkPlayData-Challenge-Track-Metadata,292f7c9ef0e88892,8551f53006f8cb7603412eec5ad707eb4b8e0a9487edcdfbf03e9e01b99c98a7,2026-07-23
PIVOT-0032,305fd17e-0f94-486f-b1c7-30378793b76e,3,broad_negative,95411,100,954.11,False,False,False,0,True,False,False,8bf299e5ef88aaef9da1489dc88767c29ccca3f27bf669c598a7275dfee1d221,135634a0b24336586144317dd057b8057b8ebb9d8ba31053688e799b4680f640,20260723,talkpl-ai/TalkPlayData-Challenge-Dataset,0c9db04e7549bc35,talkpl-ai/TalkPlayData-Challenge-Track-Metadata,292f7c9ef0e88892,8551f53006f8cb7603412eec5ad707eb4b8e0a9487edcdfbf03e9e01b99c98a7,2026-07-23
PIVOT-0033,2515b507-d710-4fde-9380-702df2593245,5,broad_negative,95411,100,954.11,False,False,False,1,False,False,False,5dafadf8bded9c2a31525c490d51fa59643ba80907b103a035a2e87e2cb43808,968d7b27870c4166fa92b00efaa54b30c6cf73d238736920142e21f2caf69288,20260723,talkpl-ai/TalkPlayData-Challenge-Dataset,0c9db04e7549bc35,talkpl-ai/TalkPlayData-Challenge-Track-Metadata,292f7c9ef0e88892,8551f53006f8cb7603412eec5ad707eb4b8e0a9487edcdfbf03e9e01b99c98a7,2026-07-23
PIVOT-0034,dfd90736-847e-40b6-8b73-987bb828c059,2,broad_negative,95411,100,954.11,False,False,False,0,,False,False,3067649e6e19ec3f4101466a8b882a2f71886c71e4a369350c1ae4bf00323415,ee1f14ea00b66620730edaffe1bdb9970f7868df13894029f9daf4a03cd40dc6,20260723,talkpl-ai/TalkPlayData-Challenge-Dataset,0c9db04e7549bc35,talkpl-ai/TalkPlayData-Challenge-Track-Metadata,292f7c9ef0e88892,8551f53006f8cb7603412eec5ad707eb4b8e0a9487edcdfbf03e9e01b99c98a7,2026-07-23
PIVOT-0035,8808ae68-a180-475c-87dd-19c19a8f276b,3,broad_negative,95411,100,954.11,False,False,False,0,True,True,False,655beebe52495f7ee05577ab07923f1f679f1cee534db3cc0841e65ecf282c8e,d935a2ffbd67746f8561629385680ccbe989c4f39f8f5be0c47645e8faae9e31,20260723,talkpl-ai/TalkPlayData-Challenge-Dataset,0c9db04e7549bc35,talkpl-ai/TalkPlayData-Challenge-Track-Metadata,292f7c9ef0e88892,8551f53006f8cb7603412eec5ad707eb4b8e0a9487edcdfbf03e9e01b99c98a7,2026-07-23
PIVOT-0036,37b4f1ad-1ecb-49dd-b827-88d7351410ef,3,broad_negative,95411,100,954.11,False,False,False,1,True,True,False,9bc8b371e019e6ca8026c9d26ebda9254489f7629ba7837a2d4f38b4200cad94,7bbd68e1685721cb79d0ee018832245b68ce340adfd20dfc8e33a334867a1ef0,20260723,talkpl-ai/TalkPlayData-Challenge-Dataset,0c9db04e7549bc35,talkpl-ai/TalkPlayData-Challenge-Track-Metadata,292f7c9ef0e88892,8551f53006f8cb7603412eec5ad707eb4b8e0a9487edcdfbf03e9e01b99c98a7,2026-07-23
PIVOT-0037,4c52dd40-6dce-48d5-9b90-f9e6e42e6d5b,6,broad_positive_high_conflict,4899,50,97.98,True,True,False,0,True,True,True,904b7a3e36a69ca44261d55103ef5b801dd0775ae7fe80a48a4ace271280b65e,36ae3240855deec94554f0b294fcb699df94280da2675070ec6267f08285bc7d,20260723,talkpl-ai/TalkPlayData-Challenge-Dataset,0c9db04e7549bc35,talkpl-ai/TalkPlayData-Challenge-Track-Metadata,292f7c9ef0e88892,8551f53006f8cb7603412eec5ad707eb4b8e0a9487edcdfbf03e9e01b99c98a7,2026-07-23
PIVOT-0038,5f79d887-cf94-48c1-980d-c04341a91c4e,7,broad_positive_other,6083,50,121.66,True,True,True,1,True,True,False,6924cf1a9d766d42d5c12963eace8659fcee67ff16eaa434784743d9887ac67f,c43d6a4c8d9c37f0634a79ebf53a8e590646a2e27b612e7b288c6ee2028f1a8a,20260723,talkpl-ai/TalkPlayData-Challenge-Dataset,0c9db04e7549bc35,talkpl-ai/TalkPlayData-Challenge-Track-Metadata,292f7c9ef0e88892,8551f53006f8cb7603412eec5ad707eb4b8e0a9487edcdfbf03e9e01b99c98a7,2026-07-23
PIVOT-0039,596478f4-41e2-4764-a3f1-40f196babcd1,3,broad_negative,95411,100,954.11,False,False,False,1,True,True,False,6e9b1b6f677000dc5016829c4e0e5f52b738cf5bc2485d1bd751f69a57e6a976,6fafb70541c1c0fd3273b3bf097be2884d63cec2c0101cd74d5788f1c5be1346,20260723,talkpl-ai/TalkPlayData-Challenge-Dataset,0c9db04e7549bc35,talkpl-ai/TalkPlayData-Challenge-Track-Metadata,292f7c9ef0e88892,8551f53006f8cb7603412eec5ad707eb4b8e0a9487edcdfbf03e9e01b99c98a7,2026-07-23
PIVOT-0040,2d229d32-1a0c-46d9-8e0b-5eb7822c792e,3,broad_negative,95411,100,954.11,False,False,False,1,True,True,False,9be42884533bfec4b64757c08feebdaa00028a1ca88d9eed5ac715adf1d21dd7,01950cff86126bf717d66ca856c37069a7387b05b880a591651a467cbb7dea33,20260723,talkpl-ai/TalkPlayData-Challenge-Dataset,0c9db04e7549bc35,talkpl-ai/TalkPlayData-Challenge-Track-Metadata,292f7c9ef0e88892,8551f53006f8cb7603412eec5ad707eb4b8e0a9487edcdfbf03e9e01b99c98a7,2026-07-23
PIVOT-0041,e5ea024e-a50c-4e85-920c-937a37b7d908,8,broad_negative,95411,100,954.11,False,False,False,1,True,True,False,7fc938b861ee4fcec4bc2a7b01d07966fa2405ec552be383d616eb4a6698fd03,a785d567f22dd75719fe5faa89e1b5f7ea5863815fa01121583a01b8ee943f9e,20260723,talkpl-ai/TalkPlayData-Challenge-Dataset,0c9db04e7549bc35,talkpl-ai/TalkPlayData-Challenge-Track-Metadata,292f7c9ef0e88892,8551f53006f8cb7603412eec5ad707eb4b8e0a9487edcdfbf03e9e01b99c98a7,2026-07-23
PIVOT-0042,5512da13-7386-49f5-b49b-37a711ddb0cf,4,broad_negative,95411,100,954.11,False,False,False,1,True,True,False,b0425ed7ae1d61075225fe967386cb2ef9b5be029ee77d2fca2327d4995fbe3b,a4be52ad028b40fb45ae4a6ae87d9c3553fc9dea8586bbee49eedcc6b93a2832,20260723,talkpl-ai/TalkPlayData-Challenge-Dataset,0c9db04e7549bc35,talkpl-ai/TalkPlayData-Challenge-Track-Metadata,292f7c9ef0e88892,8551f53006f8cb7603412eec5ad707eb4b8e0a9487edcdfbf03e9e01b99c98a7,2026-07-23
PIVOT-0043,71877579-7694-4bd9-be84-1bb91dc82f03,7,broad_positive_other,6083,50,121.66,True,True,True,0,False,False,False,38193031a96e0f435cda7766a6bd905c8ebadf78de37a1e376c9151b8a250f91,25d33593606e9c49bc3985e84b84069026cfae1a7bbf8dbde70cc58ceb13e4c6,20260723,talkpl-ai/TalkPlayData-Challenge-Dataset,0c9db04e7549bc35,talkpl-ai/TalkPlayData-Challenge-Track-Metadata,292f7c9ef0e88892,8551f53006f8cb7603412eec5ad707eb4b8e0a9487edcdfbf03e9e01b99c98a7,2026-07-23
PIVOT-0044,7a31ad1d-ea56-4d77-bfad-c1c325861b3b,4,broad_negative,95411,100,954.11,False,True,True,1,True,True,False,01f3c98a808cab4ba8c1c97b88ea1e4e282292b1309c06a84bc4764c79ebb927,20c134648bc47db5d770f587a17a4801d75eeafd10c5b62263007c8c091e621b,20260723,talkpl-ai/TalkPlayData-Challenge-Dataset,0c9db04e7549bc35,talkpl-ai/TalkPlayData-Challenge-Track-Metadata,292f7c9ef0e88892,8551f53006f8cb7603412eec5ad707eb4b8e0a9487edcdfbf03e9e01b99c98a7,2026-07-23
PIVOT-0045,d3971ced-e458-4692-8436-506bee34c6d7,3,broad_positive_high_conflict,4899,50,97.98,True,True,False,0,True,True,True,c897b28a28c02b9d060088362eac0e6e7f1012b8d435f066665b7cddd23c2af5,25eb7c3f8e938a4a9cc419834440e68899e68ef2585d901554443a6ded556f67,20260723,talkpl-ai/TalkPlayData-Challenge-Dataset,0c9db04e7549bc35,talkpl-ai/TalkPlayData-Challenge-Track-Metadata,292f7c9ef0e88892,8551f53006f8cb7603412eec5ad707eb4b8e0a9487edcdfbf03e9e01b99c98a7,2026-07-23
PIVOT-0046,12449421-8874-43e8-a098-7a99e2f1a252,6,broad_negative,95411,100,954.11,False,False,False,1,True,True,False,88d86900862760df4b22e3cc913df10cb07e9d39dd3ddb6563abd396ba18b851,8b77a120246e8d7550c486da743651b9cdda1f45d3dee8fef8b5358e387b3548,20260723,talkpl-ai/TalkPlayData-Challenge-Dataset,0c9db04e7549bc35,talkpl-ai/TalkPlayData-Challenge-Track-Metadata,292f7c9ef0e88892,8551f53006f8cb7603412eec5ad707eb4b8e0a9487edcdfbf03e9e01b99c98a7,2026-07-23
PIVOT-0047,1d8e1106-05c6-418c-a480-0e48c0131476,5,broad_positive_high_conflict,4899,50,97.98,True,True,True,0,True,False,True,c7294dba0d7401fb5bc458a5d34cf18244edce35ffae76a1f6f15d525d6068c1,50f2e8b1a992684f52af8f1e8f27f23097ce827c3c742d2b6ddf0ffed03c266f,20260723,talkpl-ai/TalkPlayData-Challenge-Dataset,0c9db04e7549bc35,talkpl-ai/TalkPlayData-Challenge-Track-Metadata,292f7c9ef0e88892,8551f53006f8cb7603412eec5ad707eb4b8e0a9487edcdfbf03e9e01b99c98a7,2026-07-23
PIVOT-0048,a3fccd80-037d-410b-94a4-fcb8d1ed5ec3,4,broad_negative,95411,100,954.11,False,False,False,1,True,True,False,4ec02304ca7701371babe020ebbeddc56d336aa43972be76cc32a6abf527b81b,09ba5646fb699e6cf061f8250fa33f5a230d8babef205a1a09e31dc7cc3630b8,20260723,talkpl-ai/TalkPlayData-Challenge-Dataset,0c9db04e7549bc35,talkpl-ai/TalkPlayData-Challenge-Track-Metadata,292f7c9ef0e88892,8551f53006f8cb7603412eec5ad707eb4b8e0a9487edcdfbf03e9e01b99c98a7,2026-07-23
PIVOT-0049,a70a4d6f-b5b5-45fd-a500-b988634ccea7,3,broad_positive_high_conflict,4899,50,97.98,True,True,True,0,True,True,True,9891956dd09837c4394c3a7dd29bdc902d900599761a5ff8b9571b1d91c1349d,401ffdb100a656596af9bd0da50cef8eb65474457cc91131e9ae9b6586ea7697,20260723,talkpl-ai/TalkPlayData-Challenge-Dataset,0c9db04e7549bc35,talkpl-ai/TalkPlayData-Challenge-Track-Metadata,292f7c9ef0e88892,8551f53006f8cb7603412eec5ad707eb4b8e0a9487edcdfbf03e9e01b99c98a7,2026-07-23
PIVOT-0050,60fd1b07-27de-462a-95b6-35a6c4278210,6,broad_positive_other,6083,50,121.66,True,True,True,1,True,True,False,c7e74cbec5beabd24695cbb2c9648717c3bd6a829a743180882f5ac7b144549e,20ffa9f114a66f535343270a92666730ebc4275f6171110e4ec8bb1b369bd185,20260723,talkpl-ai/TalkPlayData-Challenge-Dataset,0c9db04e7549bc35,talkpl-ai/TalkPlayData-Challenge-Track-Metadata,292f7c9ef0e88892,8551f53006f8cb7603412eec5ad707eb4b8e0a9487edcdfbf03e9e01b99c98a7,2026-07-23
PIVOT-0051,e97e2232-9777-4d3a-879a-ab90a620b3ec,5,broad_positive_other,6083,50,121.66,True,False,False,1,False,True,False,00622c8b1645fda9706d7ab16987ee7e37948f86822878fbb9a8b418a307d46c,14e2b296415ab3b0da6907f219f2471f4cf36bf5ab44da6dff5ee9d5d323af15,20260723,talkpl-ai/TalkPlayData-Challenge-Dataset,0c9db04e7549bc35,talkpl-ai/TalkPlayData-Challenge-Track-Metadata,292f7c9ef0e88892,8551f53006f8cb7603412eec5ad707eb4b8e0a9487edcdfbf03e9e01b99c98a7,2026-07-23
PIVOT-0052,248f8b88-de9d-435b-a0ba-8d2129dc83e5,7,broad_negative,95411,100,954.11,False,False,False,1,True,True,False,c95950a51987ef14e162ce71c174e41e90cb66619661d5c5f865cf8b657f9160,10522278c815afa92456afc1e00b556f478d7939a2be83bfb83556b004787eda,20260723,talkpl-ai/TalkPlayData-Challenge-Dataset,0c9db04e7549bc35,talkpl-ai/TalkPlayData-Challenge-Track-Metadata,292f7c9ef0e88892,8551f53006f8cb7603412eec5ad707eb4b8e0a9487edcdfbf03e9e01b99c98a7,2026-07-23
PIVOT-0053,246becf0-7def-4cda-bd55-63fc3a8b6bf2,7,broad_positive_other,6083,50,121.66,True,True,False,1,True,True,False,1f6e66f99da5297bfbd4f92cf2c32e492c14676f5115c16342ad743c07131b3f,583c913eb3c7f2844f0dce70836a63f2da88ecca89162aa768e126fea710f0a2,20260723,talkpl-ai/TalkPlayData-Challenge-Dataset,0c9db04e7549bc35,talkpl-ai/TalkPlayData-Challenge-Track-Metadata,292f7c9ef0e88892,8551f53006f8cb7603412eec5ad707eb4b8e0a9487edcdfbf03e9e01b99c98a7,2026-07-23
PIVOT-0054,edd87bbc-64b8-4293-981f-3371a20c53e3,6,broad_positive_high_conflict,4899,50,97.98,True,True,True,0,True,True,True,afc1421a84910aee1fbf448b11824d5fdd02f655046cfa556599ed1de12fd2f9,80282cedcdb83b318cb149a921d459973684cc9cd8e0f948c964e8c00ca24a93,20260723,talkpl-ai/TalkPlayData-Challenge-Dataset,0c9db04e7549bc35,talkpl-ai/TalkPlayData-Challenge-Track-Metadata,292f7c9ef0e88892,8551f53006f8cb7603412eec5ad707eb4b8e0a9487edcdfbf03e9e01b99c98a7,2026-07-23
PIVOT-0055,c0e3c776-9841-4ace-af4b-8041edcd1280,6,broad_negative,95411,100,954.11,False,False,False,0,True,True,False,6702ccdb7615f66fd848fb3218ac809a96150ef0122696f62f792029269018a2,997e6c550031c9df7c671418172a026bc099172ba0b83a27fc464ebc38454ffd,20260723,talkpl-ai/TalkPlayData-Challenge-Dataset,0c9db04e7549bc35,talkpl-ai/TalkPlayData-Challenge-Track-Metadata,292f7c9ef0e88892,8551f53006f8cb7603412eec5ad707eb4b8e0a9487edcdfbf03e9e01b99c98a7,2026-07-23
PIVOT-0056,70cc34dd-6646-4ad8-8034-4f5a56339c6f,4,broad_positive_high_conflict,4899,50,97.98,True,True,False,0,True,True,True,07deb0366bdf65ab3401f4c6f1871cd7436e4eb5f39397640a10e29ed4274be5,14694ff6b516f25f9810e58d55d9ce599cc25f19ce996cd6a4c56c522a0eb3b4,20260723,talkpl-ai/TalkPlayData-Challenge-Dataset,0c9db04e7549bc35,talkpl-ai/TalkPlayData-Challenge-Track-Metadata,292f7c9ef0e88892,8551f53006f8cb7603412eec5ad707eb4b8e0a9487edcdfbf03e9e01b99c98a7,2026-07-23
PIVOT-0057,011013b0-952a-4694-804f-f5aa27011513,3,broad_negative,95411,100,954.11,False,False,False,1,True,True,False,48d800bab439091af9bb8d3b226678e331e30321aae51c1fca1c5ebb8d5b9cef,63a06a604125aca4b7b6aa5856efe76644cbf25e2322cb2bc22371b78b04a8ce,20260723,talkpl-ai/TalkPlayData-Challenge-Dataset,0c9db04e7549bc35,talkpl-ai/TalkPlayData-Challenge-Track-Metadata,292f7c9ef0e88892,8551f53006f8cb7603412eec5ad707eb4b8e0a9487edcdfbf03e9e01b99c98a7,2026-07-23
PIVOT-0058,812af845-b93f-4404-81d8-3b85e51df5d8,3,broad_negative,95411,100,954.11,False,False,False,0,False,False,False,eb01aca675dd33370bb474737028ae5deeccabaf5e479d3c113d6e8db780c2ee,97428d78b8743ac3acbdd090c95c46d826fc9b20d049d3d9cf56a3ef1b6d1cf2,20260723,talkpl-ai/TalkPlayData-Challenge-Dataset,0c9db04e7549bc35,talkpl-ai/TalkPlayData-Challenge-Track-Metadata,292f7c9ef0e88892,8551f53006f8cb7603412eec5ad707eb4b8e0a9487edcdfbf03e9e01b99c98a7,2026-07-23
PIVOT-0059,3c4afd4a-75ef-4687-8202-ede9edd4126d,2,broad_negative,95411,100,954.11,False,False,False,1,,True,False,0a65eaa687117c30c05a5b7d6f3ca0c4f51beb820922d65c7275f5de1f966773,f1054b5abcbfd5ca4a822d971526d31afadc310bda42b8808b06c18479aee374,20260723,talkpl-ai/TalkPlayData-Challenge-Dataset,0c9db04e7549bc35,talkpl-ai/TalkPlayData-Challenge-Track-Metadata,292f7c9ef0e88892,8551f53006f8cb7603412eec5ad707eb4b8e0a9487edcdfbf03e9e01b99c98a7,2026-07-23
PIVOT-0060,f02f793a-09e8-4818-bb5d-882123b20363,8,broad_positive_high_conflict,4899,50,97.98,True,True,False,0,True,True,True,b02f1561a04b39687ce8419d5c56c59e9bcff2da848f6eac783db3e42b0e5122,81344cf9a78c665cdc72c975bc48cb068fa9d2e1db60ef5039180e2aa8f18a7d,20260723,talkpl-ai/TalkPlayData-Challenge-Dataset,0c9db04e7549bc35,talkpl-ai/TalkPlayData-Challenge-Track-Metadata,292f7c9ef0e88892,8551f53006f8cb7603412eec5ad707eb4b8e0a9487edcdfbf03e9e01b99c98a7,2026-07-23
PIVOT-0061,c7033382-7d32-40bb-8125-676d88b31478,2,broad_positive_other,6083,50,121.66,True,False,False,0,,True,False,41f23569704821ffeb67f833aabaa1ddc2988b359e084c411c2daa34b30a66f2,ae3ffd7fa6b9794f35fb25063ecb10fe406ed30febbb53c78ad74551882532c9,20260723,talkpl-ai/TalkPlayData-Challenge-Dataset,0c9db04e7549bc35,talkpl-ai/TalkPlayData-Challenge-Track-Metadata,292f7c9ef0e88892,8551f53006f8cb7603412eec5ad707eb4b8e0a9487edcdfbf03e9e01b99c98a7,2026-07-23
PIVOT-0062,8863e041-2ef6-4761-849e-1f8e464d4e16,6,broad_negative,95411,100,954.11,False,True,False,1,True,True,False,21fba5bea99c15cad731571f6f0c80b7ef8fd52a612ef1cabe3a8ce53e5d2c84,e5c467b1a60e49af8e6857c25f5482a0b12c83e6be6f802150e9cd71fa86e1f9,20260723,talkpl-ai/TalkPlayData-Challenge-Dataset,0c9db04e7549bc35,talkpl-ai/TalkPlayData-Challenge-Track-Metadata,292f7c9ef0e88892,8551f53006f8cb7603412eec5ad707eb4b8e0a9487edcdfbf03e9e01b99c98a7,2026-07-23
PIVOT-0063,edd67311-ef4c-4b42-a257-f8fc1a9ef4e5,8,broad_positive_other,6083,50,121.66,True,True,False,1,True,True,False,3da05eb376c76203579683af515b15d5f1e592a36cca5dad9f137bc7ab229594,732c086f5e0140ce9bdcfb8267a15b7fefaa2595bc833d4cd7f809c633bc64a8,20260723,talkpl-ai/TalkPlayData-Challenge-Dataset,0c9db04e7549bc35,talkpl-ai/TalkPlayData-Challenge-Track-Metadata,292f7c9ef0e88892,8551f53006f8cb7603412eec5ad707eb4b8e0a9487edcdfbf03e9e01b99c98a7,2026-07-23
PIVOT-0064,e827890f-8496-45c2-b5b4-5d7ac5119f67,7,broad_positive_high_conflict,4899,50,97.98,True,True,True,0,True,True,True,c6d624f41cc0f1d83f56972d8c582ad9cf94ae1619c0cf51c48c269b9fb704eb,4fd395262155b2b07da419dd7af352d8bae9f4107f4079f641a3ea49b909b604,20260723,talkpl-ai/TalkPlayData-Challenge-Dataset,0c9db04e7549bc35,talkpl-ai/TalkPlayData-Challenge-Track-Metadata,292f7c9ef0e88892,8551f53006f8cb7603412eec5ad707eb4b8e0a9487edcdfbf03e9e01b99c98a7,2026-07-23
PIVOT-0065,e3bf0465-5a3d-41f8-ac48-b5843c7db833,2,broad_negative,95411,100,954.11,False,False,False,1,,False,False,f994b1dceb71d7b4f987121c75c6486f5d2f3dc3eee0d7c801b68533760bdd53,2396da5ff4f1a91d27a1a999dbc2b180a3d4108a474f466a183c1f10235dd4b8,20260723,talkpl-ai/TalkPlayData-Challenge-Dataset,0c9db04e7549bc35,talkpl-ai/TalkPlayData-Challenge-Track-Metadata,292f7c9ef0e88892,8551f53006f8cb7603412eec5ad707eb4b8e0a9487edcdfbf03e9e01b99c98a7,2026-07-23
PIVOT-0066,1426046e-5f51-4746-a862-482e875e118a,6,broad_negative,95411,100,954.11,False,False,False,1,False,False,False,e4534ae9c54de11bf132a1aacb6364e47f5eca72c926faa059f90163efa864bf,9a24aad45d9a9ff88bac510dc35e2c61a790abde992f9b5ea797779b99ab063f,20260723,talkpl-ai/TalkPlayData-Challenge-Dataset,0c9db04e7549bc35,talkpl-ai/TalkPlayData-Challenge-Track-Metadata,292f7c9ef0e88892,8551f53006f8cb7603412eec5ad707eb4b8e0a9487edcdfbf03e9e01b99c98a7,2026-07-23
PIVOT-0067,66558e23-313c-4282-a48b-484f422033af,7,broad_positive_other,6083,50,121.66,True,True,False,1,True,True,False,d3a6ab7bcb6401716e6fc395c02706ea12cd7d75dade9559fefeb9db06064568,2837c1ce2246bdfc28f58d12312dd7f1c7ec4b4ddac918eec59e4eff75dac9f6,20260723,talkpl-ai/TalkPlayData-Challenge-Dataset,0c9db04e7549bc35,talkpl-ai/TalkPlayData-Challenge-Track-Metadata,292f7c9ef0e88892,8551f53006f8cb7603412eec5ad707eb4b8e0a9487edcdfbf03e9e01b99c98a7,2026-07-23
PIVOT-0068,49f61be9-99ba-495c-93b2-9814645dad50,2,broad_positive_other,6083,50,121.66,True,False,False,1,,True,False,d8452ddbd015bafe12707728f73ab0abfcfa39d2a8872693dde55f20289ed4b0,88f3ca23488c0629c55181958848e2e6e0a3a56ebe7bb741bb591006f7d2c698,20260723,talkpl-ai/TalkPlayData-Challenge-Dataset,0c9db04e7549bc35,talkpl-ai/TalkPlayData-Challenge-Track-Metadata,292f7c9ef0e88892,8551f53006f8cb7603412eec5ad707eb4b8e0a9487edcdfbf03e9e01b99c98a7,2026-07-23
PIVOT-0069,2c8d9029-21e5-4f0e-b0c9-18a09a7a3e79,5,broad_positive_other,6083,50,121.66,True,False,False,1,True,True,False,f0d22c0b95303c7c667af0a96511cc5f389e6cd1dd1b612aaf76ced482b7f884,f4188213f9b91b44ff9d1ef6372834a8f16bf504d9991d2adebfe9cf17be02ab,20260723,talkpl-ai/TalkPlayData-Challenge-Dataset,0c9db04e7549bc35,talkpl-ai/TalkPlayData-Challenge-Track-Metadata,292f7c9ef0e88892,8551f53006f8cb7603412eec5ad707eb4b8e0a9487edcdfbf03e9e01b99c98a7,2026-07-23
PIVOT-0070,967d8c52-accd-48d5-bcf3-8e35ea633e88,8,broad_positive_other,6083,50,121.66,True,True,True,1,False,False,False,4462f23c21bdbef5ba631b988730f9c517491f6a27f26191339cee8694887c5f,248d49cd119cc115a9e9f5d4e4cbea9dac80003de738ecfe73a972d7c474ac5e,20260723,talkpl-ai/TalkPlayData-Challenge-Dataset,0c9db04e7549bc35,talkpl-ai/TalkPlayData-Challenge-Track-Metadata,292f7c9ef0e88892,8551f53006f8cb7603412eec5ad707eb4b8e0a9487edcdfbf03e9e01b99c98a7,2026-07-23
PIVOT-0071,1cf02bcb-4045-4fd3-9d24-1de7df6ed882,5,broad_positive_high_conflict,4899,50,97.98,True,False,False,0,True,False,True,02fd8834c1599be148af854bd27bb563a5a88803874bdad9cd1acda84ad2f506,682b75e3316cc216938fe4b544831adb6bbe041f07593680e5ee5a6daf4f8912,20260723,talkpl-ai/TalkPlayData-Challenge-Dataset,0c9db04e7549bc35,talkpl-ai/TalkPlayData-Challenge-Track-Metadata,292f7c9ef0e88892,8551f53006f8cb7603412eec5ad707eb4b8e0a9487edcdfbf03e9e01b99c98a7,2026-07-23
PIVOT-0072,763dedc4-5959-42cc-a38e-f4032c73fa72,2,broad_positive_other,6083,50,121.66,True,False,False,1,,True,False,3da486bb19f7706a27f23376ffbfd9f0fa4360f41a9535964218e502fc4ee1e1,ce35aeac665386162b5b8ca08ceb289865bc9e88b5947346efe15831747cc75e,20260723,talkpl-ai/TalkPlayData-Challenge-Dataset,0c9db04e7549bc35,talkpl-ai/TalkPlayData-Challenge-Track-Metadata,292f7c9ef0e88892,8551f53006f8cb7603412eec5ad707eb4b8e0a9487edcdfbf03e9e01b99c98a7,2026-07-23
PIVOT-0073,2263836c-7224-4ace-a2b6-57eb12cd1342,5,broad_positive_high_conflict,4899,50,97.98,True,True,False,0,True,True,True,423ba60053526a0a4a99928bb6007fdcf27bdbc40c89c583728446758439de57,5e5ab1cd0be07ff32d74897fe773bd6e8c2ecb7057cb59bf45cb9a7f0af19796,20260723,talkpl-ai/TalkPlayData-Challenge-Dataset,0c9db04e7549bc35,talkpl-ai/TalkPlayData-Challenge-Track-Metadata,292f7c9ef0e88892,8551f53006f8cb7603412eec5ad707eb4b8e0a9487edcdfbf03e9e01b99c98a7,2026-07-23
PIVOT-0074,404d1932-1051-4cd8-a906-e8786ecf7091,7,broad_positive_other,6083,50,121.66,True,False,False,1,True,True,False,4f69b2fc4a2a7e0ad958373e5a108ac5cf20899e957453d05eca70a4470defcc,c5ce08ccdaa39b9663494b9df3cdf05bab07c94db3be272af4161325a7925ac6,20260723,talkpl-ai/TalkPlayData-Challenge-Dataset,0c9db04e7549bc35,talkpl-ai/TalkPlayData-Challenge-Track-Metadata,292f7c9ef0e88892,8551f53006f8cb7603412eec5ad707eb4b8e0a9487edcdfbf03e9e01b99c98a7,2026-07-23
PIVOT-0075,672d5ebe-9e4c-481a-8148-a03298a47cd5,2,broad_positive_other,6083,50,121.66,True,True,True,1,,True,False,9a5abcf5db60678b38becc4fb5dbf1d8e1d71d4e998171683e92ea66e7ff969c,07cbb5e72e989149cca594183e93857d64103d9d9af899a485faba9c336fa072,20260723,talkpl-ai/TalkPlayData-Challenge-Dataset,0c9db04e7549bc35,talkpl-ai/TalkPlayData-Challenge-Track-Metadata,292f7c9ef0e88892,8551f53006f8cb7603412eec5ad707eb4b8e0a9487edcdfbf03e9e01b99c98a7,2026-07-23
PIVOT-0076,90214ed8-ce1f-462b-9d86-e662e52300df,6,broad_positive_other,6083,50,121.66,True,True,True,1,True,False,False,109c6e98dbb6017b2419b9f501b5bee3da8f6a7cdbce12ad8325acfb70742759,6ebf53d5682a09bfc4d13101fec694450ce5093cf5563970c98449e462fc2766,20260723,talkpl-ai/TalkPlayData-Challenge-Dataset,0c9db04e7549bc35,talkpl-ai/TalkPlayData-Challenge-Track-Metadata,292f7c9ef0e88892,8551f53006f8cb7603412eec5ad707eb4b8e0a9487edcdfbf03e9e01b99c98a7,2026-07-23
PIVOT-0077,793aa386-2df5-4610-9570-a34171e26d3e,5,broad_positive_other,6083,50,121.66,True,True,True,1,True,True,False,cf5f13fa596c73db7cedec593168eda2a2abdf0b1b242e2d3d00fdeffe4d4ec7,3fa146ed75c82af022385ec9ef36a68592385abaed9e27e926a9e2fc7fe2c3c7,20260723,talkpl-ai/TalkPlayData-Challenge-Dataset,0c9db04e7549bc35,talkpl-ai/TalkPlayData-Challenge-Track-Metadata,292f7c9ef0e88892,8551f53006f8cb7603412eec5ad707eb4b8e0a9487edcdfbf03e9e01b99c98a7,2026-07-23
PIVOT-0078,8dc4300d-dbe1-4020-bee7-db5b6ba478a5,7,broad_negative,95411,100,954.11,False,False,False,0,True,False,False,1ef14c0d9fbdf013cb501b665d81fd636e5651d19ff6b83b9499d0474664e51f,b29f8ba034fc1e300161487267d754d21b83bacdbf166941a5fbb0360712715f,20260723,talkpl-ai/TalkPlayData-Challenge-Dataset,0c9db04e7549bc35,talkpl-ai/TalkPlayData-Challenge-Track-Metadata,292f7c9ef0e88892,8551f53006f8cb7603412eec5ad707eb4b8e0a9487edcdfbf03e9e01b99c98a7,2026-07-23
PIVOT-0079,1e8a168d-6394-43d9-ba21-31290599246f,8,broad_negative,95411,100,954.11,False,False,False,1,True,True,False,922cc659d94019d9b06418fe3295971e524223b23a791d527bedbe8b113d2741,7932f24c4d2ec9c3c16d0826462b381009333c31e385dd555e7d0bb6c9858746,20260723,talkpl-ai/TalkPlayData-Challenge-Dataset,0c9db04e7549bc35,talkpl-ai/TalkPlayData-Challenge-Track-Metadata,292f7c9ef0e88892,8551f53006f8cb7603412eec5ad707eb4b8e0a9487edcdfbf03e9e01b99c98a7,2026-07-23
PIVOT-0080,2bcb83d7-373d-451a-954b-4a097734a185,2,broad_negative,95411,100,954.11,False,False,False,1,,True,False,8553874c88a876adcb882a3fc2e4c33ebed62df201babcc252fe094ccf28e07a,2789eecdc6980f81b252507c080fd4e8d8c4f139e78c8c0d8d7de4efde4f8c60,20260723,talkpl-ai/TalkPlayData-Challenge-Dataset,0c9db04e7549bc35,talkpl-ai/TalkPlayData-Challenge-Track-Metadata,292f7c9ef0e88892,8551f53006f8cb7603412eec5ad707eb4b8e0a9487edcdfbf03e9e01b99c98a7,2026-07-23
PIVOT-0081,550c06d5-44d8-4c34-878d-9e2ad3a84931,7,broad_positive_other,6083,50,121.66,True,True,True,1,True,True,False,6ab10f13fe1b8679368e0e457a203567be395cf6b5bd127f7de0987a71dd5731,f00bcb7ebe94a7cbc1ed30970001df366916816ec3db5babd9831ee54de3d533,20260723,talkpl-ai/TalkPlayData-Challenge-Dataset,0c9db04e7549bc35,talkpl-ai/TalkPlayData-Challenge-Track-Metadata,292f7c9ef0e88892,8551f53006f8cb7603412eec5ad707eb4b8e0a9487edcdfbf03e9e01b99c98a7,2026-07-23
PIVOT-0082,785be8cf-53f2-494c-8faf-f10094b0d89d,8,broad_positive_high_conflict,4899,50,97.98,True,True,True,0,True,True,True,8ff06e86dd1a8eecf566794f4f852e4b2e253ab501e8afa3f63852c074ab53ed,b4a5ba5861575520cac8a500ced8d786c26768e33044a0284f4142abbfc6de34,20260723,talkpl-ai/TalkPlayData-Challenge-Dataset,0c9db04e7549bc35,talkpl-ai/TalkPlayData-Challenge-Track-Metadata,292f7c9ef0e88892,8551f53006f8cb7603412eec5ad707eb4b8e0a9487edcdfbf03e9e01b99c98a7,2026-07-23
PIVOT-0083,52842ec2-972e-4029-abd2-a4023a013625,4,broad_negative,95411,100,954.11,False,False,False,1,True,True,False,7635c884c6cf0b59c936adf39248948b5ecce35fed93cf978e560a74c0a33a26,3f8e83da9da938e3e84297d3df4d79487f7fc13f4f70ca677e32495c824565dd,20260723,talkpl-ai/TalkPlayData-Challenge-Dataset,0c9db04e7549bc35,talkpl-ai/TalkPlayData-Challenge-Track-Metadata,292f7c9ef0e88892,8551f53006f8cb7603412eec5ad707eb4b8e0a9487edcdfbf03e9e01b99c98a7,2026-07-23
PIVOT-0084,ae667e2e-8da4-4c08-836a-470d7f7f3272,3,broad_negative,95411,100,954.11,False,False,False,1,False,False,False,cdc054277b389a7b486b32463f4f8b30965b785b970ea65c862c7acde8a5ea59,9cad21773e5e70a7b79bbdcca05b4db3e34cc4eb5f5e730325fbdbd4e85059eb,20260723,talkpl-ai/TalkPlayData-Challenge-Dataset,0c9db04e7549bc35,talkpl-ai/TalkPlayData-Challenge-Track-Metadata,292f7c9ef0e88892,8551f53006f8cb7603412eec5ad707eb4b8e0a9487edcdfbf03e9e01b99c98a7,2026-07-23
PIVOT-0085,842bc142-19ab-48b4-8473-5e174fb61163,7,broad_positive_high_conflict,4899,50,97.98,True,True,True,0,True,True,True,dba29d97ae3c1fbb6dd17d6f84f76617a5358b16ae3aa3e9ae6ba9516f9fe49c,5644b5afe2b14d206dfb6c810660a27a12c4c3c4f3ed40509d4dd31975a56b3c,20260723,talkpl-ai/TalkPlayData-Challenge-Dataset,0c9db04e7549bc35,talkpl-ai/TalkPlayData-Challenge-Track-Metadata,292f7c9ef0e88892,8551f53006f8cb7603412eec5ad707eb4b8e0a9487edcdfbf03e9e01b99c98a7,2026-07-23
PIVOT-0086,6be54517-2737-44bf-8277-8910261a8089,8,broad_positive_other,6083,50,121.66,True,True,False,0,False,True,False,16ba0a19a749ca8690b5499652882d7e23699dbf399a500cb7c25dcbbaa22fe0,5425b3f241a6ee814a5ddcf69e1b0f589189d48ffc69effa03cc5ccbfbba01ff,20260723,talkpl-ai/TalkPlayData-Challenge-Dataset,0c9db04e7549bc35,talkpl-ai/TalkPlayData-Challenge-Track-Metadata,292f7c9ef0e88892,8551f53006f8cb7603412eec5ad707eb4b8e0a9487edcdfbf03e9e01b99c98a7,2026-07-23
PIVOT-0087,9bf73ee6-09a2-48e6-a1e6-39a413234f69,3,broad_negative,95411,100,954.11,False,False,False,1,True,True,False,dec67869f4ca67f6f006513fd9a09252658a32b3f0d78f58b1cbe9852e0301e4,4f044260e83214af430de5dcb0aae5fb4292492def259f6091e9733b5d2602bc,20260723,talkpl-ai/TalkPlayData-Challenge-Dataset,0c9db04e7549bc35,talkpl-ai/TalkPlayData-Challenge-Track-Metadata,292f7c9ef0e88892,8551f53006f8cb7603412eec5ad707eb4b8e0a9487edcdfbf03e9e01b99c98a7,2026-07-23
PIVOT-0088,d753bf5a-047d-438a-9f96-a0ab823da7c7,2,broad_negative,95411,100,954.11,False,False,False,1,,True,False,5f274077bd2d968cca9b082aa21c86e5e59d918c082ab875603da8a57f488725,55c0ee8804cf37a1fce9fcb363d3527f230a505339cae4b61e4c8f42fb8b7955,20260723,talkpl-ai/TalkPlayData-Challenge-Dataset,0c9db04e7549bc35,talkpl-ai/TalkPlayData-Challenge-Track-Metadata,292f7c9ef0e88892,8551f53006f8cb7603412eec5ad707eb4b8e0a9487edcdfbf03e9e01b99c98a7,2026-07-23
PIVOT-0089,9a36b6fa-5892-404d-8f96-346ec9d60661,3,broad_negative,95411,100,954.11,False,False,False,0,True,True,False,725d76a1e993651e76d6a5cf741a91019e685a84702d7aad27430b94d75bba41,d49d3c08be0b500e9a904a1e6bc16fc41998433bd64329caca68a699e5f04325,20260723,talkpl-ai/TalkPlayData-Challenge-Dataset,0c9db04e7549bc35,talkpl-ai/TalkPlayData-Challenge-Track-Metadata,292f7c9ef0e88892,8551f53006f8cb7603412eec5ad707eb4b8e0a9487edcdfbf03e9e01b99c98a7,2026-07-23
PIVOT-0090,26c5120b-d594-49f9-b1a9-3d5bff6dab75,6,broad_negative,95411,100,954.11,False,False,False,1,True,True,False,3fa60e6cc6e6a1593a154fd72438eae4f61278d439467c8ecacce235c3aa5cc0,b51682316f2e84e7a16092c184508e3dc4e0a12caa62a00d6e6cefcd683413e3,20260723,talkpl-ai/TalkPlayData-Challenge-Dataset,0c9db04e7549bc35,talkpl-ai/TalkPlayData-Challenge-Track-Metadata,292f7c9ef0e88892,8551f53006f8cb7603412eec5ad707eb4b8e0a9487edcdfbf03e9e01b99c98a7,2026-07-23
PIVOT-0091,76a7bd50-ff0e-4781-a035-5d1b7625d9cc,8,broad_positive_other,6083,50,121.66,True,True,True,1,True,True,False,b0aa962bf4ae9a30e1019446b517ad649ba309c74516aa1a0ba5fbbf406eb7b3,7a3ce7e5070db4979c012ed7fde4a26e56b55d5288f62f253ca09b1c5bf72421,20260723,talkpl-ai/TalkPlayData-Challenge-Dataset,0c9db04e7549bc35,talkpl-ai/TalkPlayData-Challenge-Track-Metadata,292f7c9ef0e88892,8551f53006f8cb7603412eec5ad707eb4b8e0a9487edcdfbf03e9e01b99c98a7,2026-07-23
PIVOT-0092,ca43b35f-4d41-463c-809b-21697f48db59,8,broad_negative,95411,100,954.11,False,False,False,1,True,True,False,61dffa4907fa82995527d01f7313896d7e6ef5825d6872c50f74a2682d81f436,fe3e56122c1108ae2e579add873e74db966d35655df833823e1959fd1d1c985b,20260723,talkpl-ai/TalkPlayData-Challenge-Dataset,0c9db04e7549bc35,talkpl-ai/TalkPlayData-Challenge-Track-Metadata,292f7c9ef0e88892,8551f53006f8cb7603412eec5ad707eb4b8e0a9487edcdfbf03e9e01b99c98a7,2026-07-23
PIVOT-0093,e341167c-996f-4e8d-b10e-3f24c04916d7,4,broad_negative,95411,100,954.11,False,False,False,0,False,True,False,796c2804f1861375804894ecc9784169d1279f6be21576d96fda6e9f1f0ca7fd,c4557927a205ce00c55b16c0bf903b1904ae715d0ede1cfa3ac52b991260cb9c,20260723,talkpl-ai/TalkPlayData-Challenge-Dataset,0c9db04e7549bc35,talkpl-ai/TalkPlayData-Challenge-Track-Metadata,292f7c9ef0e88892,8551f53006f8cb7603412eec5ad707eb4b8e0a9487edcdfbf03e9e01b99c98a7,2026-07-23
PIVOT-0094,9c94a3eb-f144-4cd8-94eb-175dee5df892,7,broad_positive_high_conflict,4899,50,97.98,True,True,True,0,True,True,True,0230874e1f374867963b24edf1fac7c4372cfcf88ba81abe6de2219638f08931,2a62665709f51890443dc480cdd8a5baac7ccaf77c395b42cd94177d3069ceba,20260723,talkpl-ai/TalkPlayData-Challenge-Dataset,0c9db04e7549bc35,talkpl-ai/TalkPlayData-Challenge-Track-Metadata,292f7c9ef0e88892,8551f53006f8cb7603412eec5ad707eb4b8e0a9487edcdfbf03e9e01b99c98a7,2026-07-23
PIVOT-0095,37f45723-5385-45f4-835c-6183fe8f1cfc,8,broad_negative,95411,100,954.11,False,False,False,1,True,True,False,a093abb6a1d7cc959312f871cd42f4cc0bf3ff05f2c244446e7b0fb514904ef4,61e72fcbfaf8b0ec66b283167ed6970c3997f25521690c4d20f5dd64652b6b3d,20260723,talkpl-ai/TalkPlayData-Challenge-Dataset,0c9db04e7549bc35,talkpl-ai/TalkPlayData-Challenge-Track-Metadata,292f7c9ef0e88892,8551f53006f8cb7603412eec5ad707eb4b8e0a9487edcdfbf03e9e01b99c98a7,2026-07-23
PIVOT-0096,3d5f4490-04e9-4f54-ac9e-96672d3e2001,2,broad_positive_other,6083,50,121.66,True,True,True,1,,True,False,08ef5ae6dae2230a0be784f5e3fe3394e3cc7b9ba1ceb1267e661513f1a963c8,b1d0014597601bb7332445d7b6cdc9361cb27deef4bf54bbdfee8f8976604ad8,20260723,talkpl-ai/TalkPlayData-Challenge-Dataset,0c9db04e7549bc35,talkpl-ai/TalkPlayData-Challenge-Track-Metadata,292f7c9ef0e88892,8551f53006f8cb7603412eec5ad707eb4b8e0a9487edcdfbf03e9e01b99c98a7,2026-07-23
PIVOT-0097,2900302d-d342-4eca-aa54-ac5210bcbf05,8,broad_negative,95411,100,954.11,False,False,False,1,False,True,False,d024e472c03c594ee97724feac839b563054a2bdbfa41e568891983aa92f0171,ffb21d8d0192b9d983e325a88d470a5e258bbedbfce0f1e121007a55525e8299,20260723,talkpl-ai/TalkPlayData-Challenge-Dataset,0c9db04e7549bc35,talkpl-ai/TalkPlayData-Challenge-Track-Metadata,292f7c9ef0e88892,8551f53006f8cb7603412eec5ad707eb4b8e0a9487edcdfbf03e9e01b99c98a7,2026-07-23
PIVOT-0098,6caf6b21-d45f-4ff5-9c65-3e1e86d2e553,3,broad_negative,95411,100,954.11,False,False,False,1,True,True,False,f3177fb6d42ead3d99a8dbb7c04e5f298982a48242ee2defb1bf400fd9531e12,12744c167ea64f8be461b010de79966c2a376b0aed694ca670cfff2396d9f1e8,20260723,talkpl-ai/TalkPlayData-Challenge-Dataset,0c9db04e7549bc35,talkpl-ai/TalkPlayData-Challenge-Track-Metadata,292f7c9ef0e88892,8551f53006f8cb7603412eec5ad707eb4b8e0a9487edcdfbf03e9e01b99c98a7,2026-07-23
PIVOT-0099,67d85d5c-48b5-458b-afaa-7ce5c4bb1b70,2,broad_negative,95411,100,954.11,False,False,False,0,,True,False,1153a8772e9762463a83516bca823b086359aa03f9330ef4a11103883fea1775,982312080ff5e278751dec3986c60de67ea908e52d8cf4e33a9022de67446989,20260723,talkpl-ai/TalkPlayData-Challenge-Dataset,0c9db04e7549bc35,talkpl-ai/TalkPlayData-Challenge-Track-Metadata,292f7c9ef0e88892,8551f53006f8cb7603412eec5ad707eb4b8e0a9487edcdfbf03e9e01b99c98a7,2026-07-23
PIVOT-0100,52135606-fe91-419e-b0c9-6a33054e9ba2,6,broad_positive_high_conflict,4899,50,97.98,True,False,False,0,True,True,True,1a757b9a3afbff231abca8fa01d99592ba026430abc88d89be48be2008232624,7b5d9c19412de3fdbcef3d90c7c3f061a927a8e5b3b033074ab31d8dc587c968,20260723,talkpl-ai/TalkPlayData-Challenge-Dataset,0c9db04e7549bc35,talkpl-ai/TalkPlayData-Challenge-Track-Metadata,292f7c9ef0e88892,8551f53006f8cb7603412eec5ad707eb4b8e0a9487edcdfbf03e9e01b99c98a7,2026-07-23
PIVOT-0101,3864dcf9-91f2-4d02-81a9-9cd637c3a8a9,2,broad_positive_other,6083,50,121.66,True,False,False,1,,True,False,44e49904eb9d5236b993824df406ccca31d7b488723736d62397234b029caa8a,00d9eb13dea9eccd556d8f0373752d824dc0c4db3a2108986645714197fa5dfc,20260723,talkpl-ai/TalkPlayData-Challenge-Dataset,0c9db04e7549bc35,talkpl-ai/TalkPlayData-Challenge-Track-Metadata,292f7c9ef0e88892,8551f53006f8cb7603412eec5ad707eb4b8e0a9487edcdfbf03e9e01b99c98a7,2026-07-23
PIVOT-0102,34b54b59-1e5d-4e32-a7ae-2dbdd12b89cd,2,broad_negative,95411,100,954.11,False,False,False,0,,True,False,cc59f8a722e08297ac6770830ce3adb4d55e1cdb6311abad566036246528787d,62f5870565cf3d5a5a69e34d7f8c81e61a318d83919fc8b0b66c0d0b89ee50f5,20260723,talkpl-ai/TalkPlayData-Challenge-Dataset,0c9db04e7549bc35,talkpl-ai/TalkPlayData-Challenge-Track-Metadata,292f7c9ef0e88892,8551f53006f8cb7603412eec5ad707eb4b8e0a9487edcdfbf03e9e01b99c98a7,2026-07-23
PIVOT-0103,00f0d1c5-c301-49ca-9bd2-c7871d221795,3,broad_positive_high_conflict,4899,50,97.98,True,True,False,0,True,True,True,7eedd0ce220aa56eb3a787500de252aa488f2df3a450a97097fd60216be6b6ff,f6d190aacb7312ad02e20b6870f0f3e9efaf8786efc0680d995c0c5899750d87,20260723,talkpl-ai/TalkPlayData-Challenge-Dataset,0c9db04e7549bc35,talkpl-ai/TalkPlayData-Challenge-Track-Metadata,292f7c9ef0e88892,8551f53006f8cb7603412eec5ad707eb4b8e0a9487edcdfbf03e9e01b99c98a7,2026-07-23
PIVOT-0104,7414efef-273c-4814-a3ce-6fa960583187,8,broad_positive_other,6083,50,121.66,True,False,False,1,False,False,False,7e3822595b0ef589ec6d3ae84374bc3aa478a04eaebd08ccf52fb9e4b8488c04,9f638a799a324ebc65c6002f8fce4877b5822b8b2dc25f3e1b6aa1b5d320603b,20260723,talkpl-ai/TalkPlayData-Challenge-Dataset,0c9db04e7549bc35,talkpl-ai/TalkPlayData-Challenge-Track-Metadata,292f7c9ef0e88892,8551f53006f8cb7603412eec5ad707eb4b8e0a9487edcdfbf03e9e01b99c98a7,2026-07-23
PIVOT-0105,f02b012b-4f12-410a-9b43-e0dab932ace6,7,broad_positive_high_conflict,4899,50,97.98,True,True,False,0,True,True,True,43731b32002da5a6014dac344654e68d6d0d859890b35e639f82421782788908,9ed530705c05ae16ebcb9bfaef1bc2740d6736707ee6e57a92e977c2bfcb0c13,20260723,talkpl-ai/TalkPlayData-Challenge-Dataset,0c9db04e7549bc35,talkpl-ai/TalkPlayData-Challenge-Track-Metadata,292f7c9ef0e88892,8551f53006f8cb7603412eec5ad707eb4b8e0a9487edcdfbf03e9e01b99c98a7,2026-07-23
PIVOT-0106,44cf63b2-5a32-41ce-b6fb-4a9a977eb708,4,broad_negative,95411,100,954.11,False,True,False,1,False,False,False,1eedf389220e3fc4482071b502abe923adae41cc84c0da82896a1bd2d3503a04,748d9591a2d3667f3b1295e8455d2ba7681e16202a575498972bc6c94244065d,20260723,talkpl-ai/TalkPlayData-Challenge-Dataset,0c9db04e7549bc35,talkpl-ai/TalkPlayData-Challenge-Track-Metadata,292f7c9ef0e88892,8551f53006f8cb7603412eec5ad707eb4b8e0a9487edcdfbf03e9e01b99c98a7,2026-07-23
PIVOT-0107,915778dd-7cf2-466b-b368-2fdbb4223af2,2,broad_negative,95411,100,954.11,False,False,False,1,,False,False,ee596a2c153fa3e4249c3996c272e3f30dd332176326da5cbf12158c269f45ed,c7a50662a255015dc604ea19601fba548ac811d339c84b6aa1063d71d52a2a74,20260723,talkpl-ai/TalkPlayData-Challenge-Dataset,0c9db04e7549bc35,talkpl-ai/TalkPlayData-Challenge-Track-Metadata,292f7c9ef0e88892,8551f53006f8cb7603412eec5ad707eb4b8e0a9487edcdfbf03e9e01b99c98a7,2026-07-23
PIVOT-0108,a5488ed4-8265-4b29-8b3f-b9e8b69c58cc,3,broad_negative,95411,100,954.11,False,False,False,0,False,False,False,578a9d1bd9081f0e915d9afef90885e6554d1b36a6b4e29e42b6a85c6202ead4,4adb1eb88bbc535657f493239bf910d0c4019aa77a1165912f4383093d5e3beb,20260723,talkpl-ai/TalkPlayData-Challenge-Dataset,0c9db04e7549bc35,talkpl-ai/TalkPlayData-Challenge-Track-Metadata,292f7c9ef0e88892,8551f53006f8cb7603412eec5ad707eb4b8e0a9487edcdfbf03e9e01b99c98a7,2026-07-23
PIVOT-0109,e9ddda25-2aec-4815-949f-c61b2fc8daec,4,broad_negative,95411,100,954.11,False,False,False,1,True,True,False,14af5e4919f8467faf0610df8848f3d32899708850f3f36d2c66620ad0461b18,b4c9958656061220879c70851288a8e3e5e2010e91ef9e428b03d2dd495db353,20260723,talkpl-ai/TalkPlayData-Challenge-Dataset,0c9db04e7549bc35,talkpl-ai/TalkPlayData-Challenge-Track-Metadata,292f7c9ef0e88892,8551f53006f8cb7603412eec5ad707eb4b8e0a9487edcdfbf03e9e01b99c98a7,2026-07-23
PIVOT-0110,b3c442e5-f141-41f5-9a5e-49059119b0bd,2,broad_negative,95411,100,954.11,False,True,False,1,,True,False,d57a122bda6de603d8456e4e041076f327406a4afbfd517fdf09e8648d5f1b33,0cf26d333965296e1a84d79b2a83c1a0b0a665cd8c3a4f842522da901548fd05,20260723,talkpl-ai/TalkPlayData-Challenge-Dataset,0c9db04e7549bc35,talkpl-ai/TalkPlayData-Challenge-Track-Metadata,292f7c9ef0e88892,8551f53006f8cb7603412eec5ad707eb4b8e0a9487edcdfbf03e9e01b99c98a7,2026-07-23
PIVOT-0111,808c6adb-4871-4f98-afd0-a4bf5210f734,7,broad_negative,95411,100,954.11,False,False,False,0,True,True,False,cb048ca89afddf91a299a4fdd6e65d32f0f0c2b4c6bf17cfa812f8f888aa4fe2,c1f0cbcbed6661a1a57405f6e3122029e3109007fae5d853b12e1c32f4a4f83c,20260723,talkpl-ai/TalkPlayData-Challenge-Dataset,0c9db04e7549bc35,talkpl-ai/TalkPlayData-Challenge-Track-Metadata,292f7c9ef0e88892,8551f53006f8cb7603412eec5ad707eb4b8e0a9487edcdfbf03e9e01b99c98a7,2026-07-23
PIVOT-0112,d1b94c97-5862-4363-8ffb-40205c504aef,5,broad_negative,95411,100,954.11,False,False,False,1,True,True,False,b987eabc5e0eabbc2f4be4e7bcb7f41c7610381428c2a41466c426c6759f5288,9fb16e7b17ce78ce702e0926ab93962a1ea25f1ae1de5cf66f319b3b649c9145,20260723,talkpl-ai/TalkPlayData-Challenge-Dataset,0c9db04e7549bc35,talkpl-ai/TalkPlayData-Challenge-Track-Metadata,292f7c9ef0e88892,8551f53006f8cb7603412eec5ad707eb4b8e0a9487edcdfbf03e9e01b99c98a7,2026-07-23
PIVOT-0113,a40e2362-3b92-4e0d-ac38-010472bf4455,6,broad_positive_high_conflict,4899,50,97.98,True,True,True,0,True,True,True,cc3961380a63fe2e376d8ffa233937d90d754258df5d4bad584d8f3d9c52472f,4497f72f63d8d981c42c7ef4d616a4afaa567514f575e242332fbca518f8404c,20260723,talkpl-ai/TalkPlayData-Challenge-Dataset,0c9db04e7549bc35,talkpl-ai/TalkPlayData-Challenge-Track-Metadata,292f7c9ef0e88892,8551f53006f8cb7603412eec5ad707eb4b8e0a9487edcdfbf03e9e01b99c98a7,2026-07-23
PIVOT-0114,41d164dd-c679-4ac2-93cd-2eb8d551b8d7,8,broad_positive_other,6083,50,121.66,True,True,True,0,False,True,False,3dc6f3f53f0e16988c0d57a5aa82f14732ca7bd8bc51ec3f377a481616adab0a,2750a9cf7f6941d44eb88d8e2365cb87ba7a4aa7af11e1aebba23586dd8ab186,20260723,talkpl-ai/TalkPlayData-Challenge-Dataset,0c9db04e7549bc35,talkpl-ai/TalkPlayData-Challenge-Track-Metadata,292f7c9ef0e88892,8551f53006f8cb7603412eec5ad707eb4b8e0a9487edcdfbf03e9e01b99c98a7,2026-07-23
PIVOT-0115,dafe94c5-d6a8-4c80-8995-736f2a409345,4,broad_negative,95411,100,954.11,False,False,False,1,True,True,False,fac22ec5a74e41116644355b70dc16e5d6c4776ea55ea04454a2c78cc155a741,ecdfde549af4f88c24b87471cb8fdd98eb6a0b238b4b2d90bd7846735231deeb,20260723,talkpl-ai/TalkPlayData-Challenge-Dataset,0c9db04e7549bc35,talkpl-ai/TalkPlayData-Challenge-Track-Metadata,292f7c9ef0e88892,8551f53006f8cb7603412eec5ad707eb4b8e0a9487edcdfbf03e9e01b99c98a7,2026-07-23
PIVOT-0116,efa636c0-33c3-4dbb-a8e2-1f82c23f82d9,6,broad_negative,95411,100,954.11,False,False,False,0,True,False,False,eed367c6b68ee6a35021c845c05b4505403b2e252fc5963b4797d6d59f76b711,e2275f9a0362d28cb619d8d6290f213e08bf12573607aff28159ce35a5fdc770,20260723,talkpl-ai/TalkPlayData-Challenge-Dataset,0c9db04e7549bc35,talkpl-ai/TalkPlayData-Challenge-Track-Metadata,292f7c9ef0e88892,8551f53006f8cb7603412eec5ad707eb4b8e0a9487edcdfbf03e9e01b99c98a7,2026-07-23
PIVOT-0117,a7f6aa33-0da2-409e-9726-6abd6a38a6ec,3,broad_positive_other,6083,50,121.66,True,True,True,1,False,False,False,8c02af8b26c0014096c2d812f76a7cad3692e361494c4bd57ee1fcf2be541320,af0fc15376662858779011133c219bd9853f645cd2ea8a47774d5254df2e2ed8,20260723,talkpl-ai/TalkPlayData-Challenge-Dataset,0c9db04e7549bc35,talkpl-ai/TalkPlayData-Challenge-Track-Metadata,292f7c9ef0e88892,8551f53006f8cb7603412eec5ad707eb4b8e0a9487edcdfbf03e9e01b99c98a7,2026-07-23
PIVOT-0118,2dcfa7bb-8c5c-461f-b5df-0b7c6b11b70d,6,broad_positive_high_conflict,4899,50,97.98,True,True,True,0,True,True,True,512b4bb19b620bec659322657463f1fd498536fb1aeacdff8a5109b8886a25c1,f774566488379210ea9e16e51e98a838f1619319b4aa3752c5fc612957cdd445,20260723,talkpl-ai/TalkPlayData-Challenge-Dataset,0c9db04e7549bc35,talkpl-ai/TalkPlayData-Challenge-Track-Metadata,292f7c9ef0e88892,8551f53006f8cb7603412eec5ad707eb4b8e0a9487edcdfbf03e9e01b99c98a7,2026-07-23
PIVOT-0119,b7d76ca5-9b45-4677-a678-66a1ebd20a7f,7,broad_positive_other,6083,50,121.66,True,True,True,1,True,True,False,89aa63c3b4aa23e013f895006fe7cc1a4ab22fbc9a3fd85897e92540aaae63c2,684ccd6ff603140632c9f8edf8e4510a90ccb97e841d3c9b96b63af860c1e46d,20260723,talkpl-ai/TalkPlayData-Challenge-Dataset,0c9db04e7549bc35,talkpl-ai/TalkPlayData-Challenge-Track-Metadata,292f7c9ef0e88892,8551f53006f8cb7603412eec5ad707eb4b8e0a9487edcdfbf03e9e01b99c98a7,2026-07-23
PIVOT-0120,ff37a67b-60ad-4370-936f-0a9f3dab838d,5,broad_negative,95411,100,954.11,False,False,False,1,True,True,False,7268e0f987b62cae754c518a338dbd33a2eef77e98bdb35ecb11d84c9b0211aa,de8cfecf94c73396bc95bced3ec8ffba2e92ccb03e9dfe2da2cb4cd729cce629,20260723,talkpl-ai/TalkPlayData-Challenge-Dataset,0c9db04e7549bc35,talkpl-ai/TalkPlayData-Challenge-Track-Metadata,292f7c9ef0e88892,8551f53006f8cb7603412eec5ad707eb4b8e0a9487edcdfbf03e9e01b99c98a7,2026-07-23
PIVOT-0121,5016b874-1844-4389-881d-6978529a6a09,6,broad_positive_high_conflict,4899,50,97.98,True,True,False,0,True,True,True,bccad28f1be363d0f357fb67a36c6a5dbf1cfacb2e2fab66f7ce3846b3ee9962,f35e0256ee2db418628701132506f9078ffdf9507b3793863d5d90956c0c48bb,20260723,talkpl-ai/TalkPlayData-Challenge-Dataset,0c9db04e7549bc35,talkpl-ai/TalkPlayData-Challenge-Track-Metadata,292f7c9ef0e88892,8551f53006f8cb7603412eec5ad707eb4b8e0a9487edcdfbf03e9e01b99c98a7,2026-07-23
PIVOT-0122,a87028d8-995d-4e45-840f-606c724de8cd,4,broad_negative,95411,100,954.11,False,False,False,1,True,True,False,a25a6dc86535edddcca40fabe8e88eb2149dac6540e1e29a0a4ab13c98fbb572,1536820d31f3a4acd3a966140bbcf7ca1e1fc1dd12149f092b8d8be04154ca05,20260723,talkpl-ai/TalkPlayData-Challenge-Dataset,0c9db04e7549bc35,talkpl-ai/TalkPlayData-Challenge-Track-Metadata,292f7c9ef0e88892,8551f53006f8cb7603412eec5ad707eb4b8e0a9487edcdfbf03e9e01b99c98a7,2026-07-23
PIVOT-0123,e4583546-d92b-469c-8e5c-e85c86f558a4,6,broad_positive_high_conflict,4899,50,97.98,True,True,True,0,True,True,True,3092d80b8296b621b8d1c1e73a4fc0cf4f2ecfb28ab56f43573be4ca3dab44ae,a4dc4ea658801a9e70ee03160ef87c8a9c0bee6ac449e7b864db8c71f91d6478,20260723,talkpl-ai/TalkPlayData-Challenge-Dataset,0c9db04e7549bc35,talkpl-ai/TalkPlayData-Challenge-Track-Metadata,292f7c9ef0e88892,8551f53006f8cb7603412eec5ad707eb4b8e0a9487edcdfbf03e9e01b99c98a7,2026-07-23
PIVOT-0124,ecf38df6-9e1a-475b-b84d-6ba892f8ec4c,6,broad_negative,95411,100,954.11,False,False,False,0,True,True,False,dfb8234c574a6d2b16f22160bed02a6dadabdd429cd2bf8feb6fe0402c648c21,cb29a8feb4659c39df52f97daa4add36f2157c725f0f90c5ea894abbd7cba596,20260723,talkpl-ai/TalkPlayData-Challenge-Dataset,0c9db04e7549bc35,talkpl-ai/TalkPlayData-Challenge-Track-Metadata,292f7c9ef0e88892,8551f53006f8cb7603412eec5ad707eb4b8e0a9487edcdfbf03e9e01b99c98a7,2026-07-23
PIVOT-0125,fc46e191-47a8-4105-830f-3cbeba3e7c66,3,broad_negative,95411,100,954.11,False,False,False,0,False,False,False,87edaacc3124c81963bc54b285a45bc4c16df6b47965d116074bd3ed9eb76aef,d6450ae160fe8443477f273b0fcaa530b3a4d86990bf6d6e977b4af338385c48,20260723,talkpl-ai/TalkPlayData-Challenge-Dataset,0c9db04e7549bc35,talkpl-ai/TalkPlayData-Challenge-Track-Metadata,292f7c9ef0e88892,8551f53006f8cb7603412eec5ad707eb4b8e0a9487edcdfbf03e9e01b99c98a7,2026-07-23
PIVOT-0126,a942a14f-4ef7-426e-9b7d-2d5b2c59f741,5,broad_negative,95411,100,954.11,False,False,False,1,False,False,False,334aaa32132f1b81a415840b6a18c2b997635fb2c6a2fbbc4826d52642352881,ee8f50e4afa289c80633ae4607eecdccf10153a9e5f687abaf5a6993344b8d24,20260723,talkpl-ai/TalkPlayData-Challenge-Dataset,0c9db04e7549bc35,talkpl-ai/TalkPlayData-Challenge-Track-Metadata,292f7c9ef0e88892,8551f53006f8cb7603412eec5ad707eb4b8e0a9487edcdfbf03e9e01b99c98a7,2026-07-23
PIVOT-0127,e68944dd-5a0a-4fa0-8dd6-dd68fa0a500b,6,broad_positive_other,6083,50,121.66,True,True,True,1,False,False,False,cd78ef521c63bbbb191dbe7fa8bd42d384de083ba16ad62203dd2b174b1ed759,443db740a6cb20773b9f199e793dc6638fa3d1e2cf35064e453512bc35dde8ab,20260723,talkpl-ai/TalkPlayData-Challenge-Dataset,0c9db04e7549bc35,talkpl-ai/TalkPlayData-Challenge-Track-Metadata,292f7c9ef0e88892,8551f53006f8cb7603412eec5ad707eb4b8e0a9487edcdfbf03e9e01b99c98a7,2026-07-23
PIVOT-0128,06aa0ff3-fdaa-4946-ab0d-1c2006ec8fdc,5,broad_positive_other,6083,50,121.66,True,True,True,1,True,True,False,25648a2af2e11d425c839f86160f555a0cafc303e242794b851de2ec5bc2a2c7,31b175f613ec798f76327bd02e06986a3fd9368647f3085e0c8d1fa5f29a8ad7,20260723,talkpl-ai/TalkPlayData-Challenge-Dataset,0c9db04e7549bc35,talkpl-ai/TalkPlayData-Challenge-Track-Metadata,292f7c9ef0e88892,8551f53006f8cb7603412eec5ad707eb4b8e0a9487edcdfbf03e9e01b99c98a7,2026-07-23
PIVOT-0129,2965f2bc-6bec-4c7d-a112-17fbb6067328,7,broad_positive_high_conflict,4899,50,97.98,True,False,False,0,True,True,True,61dcd1c07f46ee64610fec9b8bb98971e705b11b9369887d09856f86bfa32530,5b57169ae5d87cfa37d3b5198f80e7e95c7a3c73c8bb695fe767efc52f4c8ab4,20260723,talkpl-ai/TalkPlayData-Challenge-Dataset,0c9db04e7549bc35,talkpl-ai/TalkPlayData-Challenge-Track-Metadata,292f7c9ef0e88892,8551f53006f8cb7603412eec5ad707eb4b8e0a9487edcdfbf03e9e01b99c98a7,2026-07-23
PIVOT-0130,fa14f719-7ecb-417e-8901-a8e3bda9993a,3,broad_negative,95411,100,954.11,False,False,False,0,True,True,False,21219c4b265bcb7ad487c8a4c27a92b1db89ec7502e2c816233fe54dda839261,681cad4eefc048c8a5c429bd67122abe1c28217ccba7eed27f88a743e40d6ecb,20260723,talkpl-ai/TalkPlayData-Challenge-Dataset,0c9db04e7549bc35,talkpl-ai/TalkPlayData-Challenge-Track-Metadata,292f7c9ef0e88892,8551f53006f8cb7603412eec5ad707eb4b8e0a9487edcdfbf03e9e01b99c98a7,2026-07-23
PIVOT-0131,0209ced4-b9f0-4c77-8f82-80c44af33a15,8,broad_positive_other,6083,50,121.66,True,True,False,1,True,True,False,b2c5e17ff9953f2a7bdfa9f7a6bfaa76f1771b7217a5221bfde2acc8b509408c,f8c27049498ea4f40a2c7cc97b06f843167eafb71505e49799f521de6a89871f,20260723,talkpl-ai/TalkPlayData-Challenge-Dataset,0c9db04e7549bc35,talkpl-ai/TalkPlayData-Challenge-Track-Metadata,292f7c9ef0e88892,8551f53006f8cb7603412eec5ad707eb4b8e0a9487edcdfbf03e9e01b99c98a7,2026-07-23
PIVOT-0132,702fdc70-8840-4aeb-be81-c5a0181efea3,6,broad_positive_high_conflict,4899,50,97.98,True,True,True,0,True,True,True,6a900f107593a8dbf3d46db80495360624f2df87e40e1eb006b64f950cc8f52b,e936cb36563e9e64afa504a69847539753661370426065ef97338cc25d72cb74,20260723,talkpl-ai/TalkPlayData-Challenge-Dataset,0c9db04e7549bc35,talkpl-ai/TalkPlayData-Challenge-Track-Metadata,292f7c9ef0e88892,8551f53006f8cb7603412eec5ad707eb4b8e0a9487edcdfbf03e9e01b99c98a7,2026-07-23
PIVOT-0133,be3f92c6-6630-403c-8272-37e70c3ed85e,3,broad_positive_other,6083,50,121.66,True,True,True,1,True,True,False,e25dd16aa2a48c9de6b784b4c62121bf58e60724eb5328b4ba4fbdfd672e22f7,35e98cd6765d81bc5f32db21bb1db2e41137cb36b0c51dcd8b102cbb2bbfbea9,20260723,talkpl-ai/TalkPlayData-Challenge-Dataset,0c9db04e7549bc35,talkpl-ai/TalkPlayData-Challenge-Track-Metadata,292f7c9ef0e88892,8551f53006f8cb7603412eec5ad707eb4b8e0a9487edcdfbf03e9e01b99c98a7,2026-07-23
PIVOT-0134,4696e15c-6797-40b0-9064-6ee28c1912bc,6,broad_positive_other,6083,50,121.66,True,True,True,1,True,True,False,f64ded01697761d8be672698e6e142b439ae5e51a6613dbc6d9ddd62b24c6231,8b0dd4474551ab73cb6917a75d514019b426969a17f3801ad68c9817418b4158,20260723,talkpl-ai/TalkPlayData-Challenge-Dataset,0c9db04e7549bc35,talkpl-ai/TalkPlayData-Challenge-Track-Metadata,292f7c9ef0e88892,8551f53006f8cb7603412eec5ad707eb4b8e0a9487edcdfbf03e9e01b99c98a7,2026-07-23
PIVOT-0135,4c302709-a638-48e6-868e-5eee9b6c058f,6,broad_negative,95411,100,954.11,False,False,False,0,True,True,False,2548a3ec1e113cac212c72629370fc7995873b424482e6708d4dfa47a9dbfbef,fdf63903bef41b6cac09c0d6dda3af1bed328e30ad9b00f8462be70800fa3e22,20260723,talkpl-ai/TalkPlayData-Challenge-Dataset,0c9db04e7549bc35,talkpl-ai/TalkPlayData-Challenge-Track-Metadata,292f7c9ef0e88892,8551f53006f8cb7603412eec5ad707eb4b8e0a9487edcdfbf03e9e01b99c98a7,2026-07-23
PIVOT-0136,9c8d1384-8f72-449c-83ad-9d6187daf7f8,7,broad_negative,95411,100,954.11,False,False,False,1,True,True,False,a1b416863fde4046da93c443b297281d5e1e96be36effab6d2358388907060fe,00a80df7875a1b275e079da8893b7831c7acb8d5889b7c4b782dbb5f82465278,20260723,talkpl-ai/TalkPlayData-Challenge-Dataset,0c9db04e7549bc35,talkpl-ai/TalkPlayData-Challenge-Track-Metadata,292f7c9ef0e88892,8551f53006f8cb7603412eec5ad707eb4b8e0a9487edcdfbf03e9e01b99c98a7,2026-07-23
PIVOT-0137,2793a314-0545-4574-ac0e-78f92e6fe2d3,4,broad_negative,95411,100,954.11,False,False,False,0,False,False,False,1e7206cc4094f2118e688383ad046a00a352fe1db1378adea935a3fce108a85c,10617e2bd3fe2157e4b9bfdb340ceba070452e12d10188808db119fce69153f8,20260723,talkpl-ai/TalkPlayData-Challenge-Dataset,0c9db04e7549bc35,talkpl-ai/TalkPlayData-Challenge-Track-Metadata,292f7c9ef0e88892,8551f53006f8cb7603412eec5ad707eb4b8e0a9487edcdfbf03e9e01b99c98a7,2026-07-23
PIVOT-0138,d2457e33-6949-482b-aafa-f8b64efe94d7,4,broad_negative,95411,100,954.11,False,False,False,1,True,True,False,6dfe73b02d5e3c9dbc18fa7839734b6753a08ef2d0afb45e6cc41e52d73fb9f1,75e6aa95a624998a15698309fb215029a2bd43be7c2addc136dbcbb981214f94,20260723,talkpl-ai/TalkPlayData-Challenge-Dataset,0c9db04e7549bc35,talkpl-ai/TalkPlayData-Challenge-Track-Metadata,292f7c9ef0e88892,8551f53006f8cb7603412eec5ad707eb4b8e0a9487edcdfbf03e9e01b99c98a7,2026-07-23
PIVOT-0139,1f02589c-c7d5-42ba-bdb1-4e8b11ed8c46,3,broad_positive_other,6083,50,121.66,True,True,True,1,True,False,False,0b6edce2474e8949138369c447cba2dd041dcc219cfd947be1b78bfdd6426df9,dccd60c49121d0ef21703ac9245dabeb11830ece71fa9e48d2662f57d87d1668,20260723,talkpl-ai/TalkPlayData-Challenge-Dataset,0c9db04e7549bc35,talkpl-ai/TalkPlayData-Challenge-Track-Metadata,292f7c9ef0e88892,8551f53006f8cb7603412eec5ad707eb4b8e0a9487edcdfbf03e9e01b99c98a7,2026-07-23
PIVOT-0140,f72aac2c-7619-4ec5-b57a-8b48f0e31143,8,broad_negative,95411,100,954.11,False,False,False,1,True,True,False,094e4cddad04ef7b9bc4692b63db4e9bb1a476ce622bb9f8ca0467512d5f9b3a,be2d216443d9182ee226058af841fc2eb6e1d84910b6d780321af5739c4a4b1f,20260723,talkpl-ai/TalkPlayData-Challenge-Dataset,0c9db04e7549bc35,talkpl-ai/TalkPlayData-Challenge-Track-Metadata,292f7c9ef0e88892,8551f53006f8cb7603412eec5ad707eb4b8e0a9487edcdfbf03e9e01b99c98a7,2026-07-23
PIVOT-0141,9db662e5-f8dc-440c-8448-a1d41fa39729,5,broad_negative,95411,100,954.11,False,False,False,1,True,True,False,59680bd40fd0ccb930e91b0a02bce3c78d32cb9312aa23ff2b6462a18e5b63db,bf307b8f4749dca7210b236ae4cf7ac81f1a4263375f3acecb2ba4102207005c,20260723,talkpl-ai/TalkPlayData-Challenge-Dataset,0c9db04e7549bc35,talkpl-ai/TalkPlayData-Challenge-Track-Metadata,292f7c9ef0e88892,8551f53006f8cb7603412eec5ad707eb4b8e0a9487edcdfbf03e9e01b99c98a7,2026-07-23
PIVOT-0142,74408428-f756-43ef-88ad-72aa4d0ca047,6,broad_positive_high_conflict,4899,50,97.98,True,True,False,0,True,True,True,5bc716c3e7c3fe20ab3eb706738f2090e98cfa51a159112d76b264f5db379c6b,498ca6bbfa77612371f61807130b684abff31dd0a62320fa79c5bb3ab815af87,20260723,talkpl-ai/TalkPlayData-Challenge-Dataset,0c9db04e7549bc35,talkpl-ai/TalkPlayData-Challenge-Track-Metadata,292f7c9ef0e88892,8551f53006f8cb7603412eec5ad707eb4b8e0a9487edcdfbf03e9e01b99c98a7,2026-07-23
PIVOT-0143,19d90e39-2a9a-4435-b75e-3bfd7dca418f,2,broad_positive_other,6083,50,121.66,True,False,False,1,,True,False,4ad91092ca3bb22c60034344601f9237d2cf3dbad42aa3106137452e2f61b370,18b333f52525a57a851113f207062aa6ff6c66428fac49e1c1f127824ca62ce8,20260723,talkpl-ai/TalkPlayData-Challenge-Dataset,0c9db04e7549bc35,talkpl-ai/TalkPlayData-Challenge-Track-Metadata,292f7c9ef0e88892,8551f53006f8cb7603412eec5ad707eb4b8e0a9487edcdfbf03e9e01b99c98a7,2026-07-23
PIVOT-0144,0e42d27b-8a7f-48ff-8689-32e78e8b0278,3,broad_positive_high_conflict,4899,50,97.98,True,False,False,0,True,True,True,c71f392f54576de0b037648c4d756bf99d5d6d72aeb3d57546dc1f6060e9b12c,82a06ee03f72a06953ecc72e9f099f0b1ad7ef41d23e6142fb3eae3cb51e7926,20260723,talkpl-ai/TalkPlayData-Challenge-Dataset,0c9db04e7549bc35,talkpl-ai/TalkPlayData-Challenge-Track-Metadata,292f7c9ef0e88892,8551f53006f8cb7603412eec5ad707eb4b8e0a9487edcdfbf03e9e01b99c98a7,2026-07-23
PIVOT-0145,17a2a2aa-407d-42ca-a652-4bdf2eab0267,6,broad_negative,95411,100,954.11,False,True,False,0,False,False,False,e0fdf8c957b564b4192abaf42f04b8d27274c8ee7f7d760493bbf14de34e2dc1,f30c1c3f29569338585806b802dc42868f618b5706fea495468e857c07d47445,20260723,talkpl-ai/TalkPlayData-Challenge-Dataset,0c9db04e7549bc35,talkpl-ai/TalkPlayData-Challenge-Track-Metadata,292f7c9ef0e88892,8551f53006f8cb7603412eec5ad707eb4b8e0a9487edcdfbf03e9e01b99c98a7,2026-07-23
PIVOT-0146,61084ff0-e57e-4816-ad21-3a37f54be429,8,broad_negative,95411,100,954.11,False,False,False,0,True,True,False,8862261fb1d5a312563e96d6451e5428cc57cd3ef87358039593a7b3422abc92,577efe076738664de48eddaba02bf0d25579297d87341cba9b29a212e52a99d1,20260723,talkpl-ai/TalkPlayData-Challenge-Dataset,0c9db04e7549bc35,talkpl-ai/TalkPlayData-Challenge-Track-Metadata,292f7c9ef0e88892,8551f53006f8cb7603412eec5ad707eb4b8e0a9487edcdfbf03e9e01b99c98a7,2026-07-23
PIVOT-0147,dcdc42f5-71ff-4cd1-80aa-c317f6e9f442,4,broad_negative,95411,100,954.11,False,False,False,1,False,False,False,acdd0aa64673774556cf85160e87685715bbeb8188bcb16b82611009bd36e493,538f68895ef39fbcdd899e075247544558774a3552ae71ab9fbc4bb200c844e7,20260723,talkpl-ai/TalkPlayData-Challenge-Dataset,0c9db04e7549bc35,talkpl-ai/TalkPlayData-Challenge-Track-Metadata,292f7c9ef0e88892,8551f53006f8cb7603412eec5ad707eb4b8e0a9487edcdfbf03e9e01b99c98a7,2026-07-23
PIVOT-0148,8f6f2f51-7341-4699-acf6-8fac0f26b097,6,broad_positive_high_conflict,4899,50,97.98,True,True,False,0,True,True,True,96786df6e1cf8022101e3740183ef702a54886ff6a8dbad91dc59aa6c2d8a5c2,f2e74b9e6a1b077eac6b91eab4121a479a0c0a7f83e9161899c7addb0c001c94,20260723,talkpl-ai/TalkPlayData-Challenge-Dataset,0c9db04e7549bc35,talkpl-ai/TalkPlayData-Challenge-Track-Metadata,292f7c9ef0e88892,8551f53006f8cb7603412eec5ad707eb4b8e0a9487edcdfbf03e9e01b99c98a7,2026-07-23
PIVOT-0149,89ce2742-1fd0-4813-93f4-1ff7838e82a0,3,broad_negative,95411,100,954.11,False,False,False,1,True,True,False,5ad9694529c6479e05db23da8aa611c22387be6bf5fb0ac87dc6178f626140be,d587e13cd57f418e47b9ac78ff043f5f94a50f67d874aff5e094cdba5a0dc6e2,20260723,talkpl-ai/TalkPlayData-Challenge-Dataset,0c9db04e7549bc35,talkpl-ai/TalkPlayData-Challenge-Track-Metadata,292f7c9ef0e88892,8551f53006f8cb7603412eec5ad707eb4b8e0a9487edcdfbf03e9e01b99c98a7,2026-07-23
PIVOT-0150,0c5e029d-0d3a-4a34-8115-673ef96e8d3c,4,broad_negative,95411,100,954.11,False,False,False,0,False,False,False,bdfb09050a6df03bfde29adfb9cfced59a67da93d0afc00bc5f7040ce5b9726d,f540e57c173adb4e97cfe8eee5807338f48f4acff270649854ac3adae95bb15f,20260723,talkpl-ai/TalkPlayData-Challenge-Dataset,0c9db04e7549bc35,talkpl-ai/TalkPlayData-Challenge-Track-Metadata,292f7c9ef0e88892,8551f53006f8cb7603412eec5ad707eb4b8e0a9487edcdfbf03e9e01b99c98a7,2026-07-23
PIVOT-0151,4e0c02b6-26fe-499f-9221-8698ef78fc06,5,broad_positive_high_conflict,4899,50,97.98,True,False,False,0,True,False,True,7a32884b71fbf1296d8b897da625bd0dbd5088a789088edbf66210ea12861c32,dc76b65ac2fc75d996a6a4bea22fdfd8a0466b71dac860bd79cd2b20cdd8cac2,20260723,talkpl-ai/TalkPlayData-Challenge-Dataset,0c9db04e7549bc35,talkpl-ai/TalkPlayData-Challenge-Track-Metadata,292f7c9ef0e88892,8551f53006f8cb7603412eec5ad707eb4b8e0a9487edcdfbf03e9e01b99c98a7,2026-07-23
PIVOT-0152,494756e9-8643-493f-8ad8-9575d86353ad,3,broad_negative,95411,100,954.11,False,False,False,1,False,False,False,38bb9c135b60e334d00a1f1b35686c85abce7dc179ffca6cf75ea798ae78b658,63997078521a3fde2947cb6ae4569b7692e5d1a19f1c9631c138abf617d9a0c6,20260723,talkpl-ai/TalkPlayData-Challenge-Dataset,0c9db04e7549bc35,talkpl-ai/TalkPlayData-Challenge-Track-Metadata,292f7c9ef0e88892,8551f53006f8cb7603412eec5ad707eb4b8e0a9487edcdfbf03e9e01b99c98a7,2026-07-23
PIVOT-0153,d9023435-4b34-435f-baa5-c78bedac4f41,8,broad_positive_other,6083,50,121.66,True,True,False,1,True,True,False,559ac9eb7ca6cc6bc883a9a0981bf2c6b2ef0b8112b5abcfb7bb54a9a0e96156,eb5b439ec1e30d74ec5757493de37cd204d4965bc767da62893228808e1e92b8,20260723,talkpl-ai/TalkPlayData-Challenge-Dataset,0c9db04e7549bc35,talkpl-ai/TalkPlayData-Challenge-Track-Metadata,292f7c9ef0e88892,8551f53006f8cb7603412eec5ad707eb4b8e0a9487edcdfbf03e9e01b99c98a7,2026-07-23
PIVOT-0154,547f1cd7-feee-4f27-843e-9e99f92d2aa9,7,broad_positive_high_conflict,4899,50,97.98,True,False,False,0,True,True,True,7b1bdb3d6f9ad0755fb84e5d4370863c02590453739d0452ce6dadc2ae651494,5c3d71b91308f81dff35b01e200f8c70b856535bfafc4fa041a9387c212d2845,20260723,talkpl-ai/TalkPlayData-Challenge-Dataset,0c9db04e7549bc35,talkpl-ai/TalkPlayData-Challenge-Track-Metadata,292f7c9ef0e88892,8551f53006f8cb7603412eec5ad707eb4b8e0a9487edcdfbf03e9e01b99c98a7,2026-07-23
PIVOT-0155,0141a456-5473-4363-ad0a-7d4a8a37961a,4,broad_negative,95411,100,954.11,False,False,False,0,True,True,False,c8551a1669ef1d0d586c7e6c3569c8411e3ce02db46177756e303f84334bde45,957fe34a42fecc4ec9e19534dc9165d00b15c8ed415a7613778344f3513f2c3c,20260723,talkpl-ai/TalkPlayData-Challenge-Dataset,0c9db04e7549bc35,talkpl-ai/TalkPlayData-Challenge-Track-Metadata,292f7c9ef0e88892,8551f53006f8cb7603412eec5ad707eb4b8e0a9487edcdfbf03e9e01b99c98a7,2026-07-23
PIVOT-0156,d1b94c97-5862-4363-8ffb-40205c504aef,7,broad_negative,95411,100,954.11,False,False,False,1,True,True,False,179c5e3c2d1d6f1b9b5cb27908adb270dbfc8e24272adfb5e6be308b2ac9e428,5b846178f1704a927bf9c2012ef77c41f61e2ef79ea04d8065f0bfca6e9e48fc,20260723,talkpl-ai/TalkPlayData-Challenge-Dataset,0c9db04e7549bc35,talkpl-ai/TalkPlayData-Challenge-Track-Metadata,292f7c9ef0e88892,8551f53006f8cb7603412eec5ad707eb4b8e0a9487edcdfbf03e9e01b99c98a7,2026-07-23
PIVOT-0157,14015063-aa25-4929-9037-7bef054b8e23,3,broad_negative,95411,100,954.11,False,False,False,1,True,True,False,0c0776708812a52073955f76dea2ddafd67268b0c6da12bce6e4e16f4c459a4b,154fbc707b1a5886f5e33616014eec3213fb7680d482ac159e0425eb309e3871,20260723,talkpl-ai/TalkPlayData-Challenge-Dataset,0c9db04e7549bc35,talkpl-ai/TalkPlayData-Challenge-Track-Metadata,292f7c9ef0e88892,8551f53006f8cb7603412eec5ad707eb4b8e0a9487edcdfbf03e9e01b99c98a7,2026-07-23
PIVOT-0158,fa9cc19b-5b19-45d9-909b-188ab3b3939e,4,broad_positive_high_conflict,4899,50,97.98,True,True,False,0,True,True,True,49052b643a297aa2ef0e84ab6a050c8b10da74f9a963ddd70d9d555032531fac,65dbbe4cace2f115138cbca13459b73d1d304510215fa2545f43ef2f478b6493,20260723,talkpl-ai/TalkPlayData-Challenge-Dataset,0c9db04e7549bc35,talkpl-ai/TalkPlayData-Challenge-Track-Metadata,292f7c9ef0e88892,8551f53006f8cb7603412eec5ad707eb4b8e0a9487edcdfbf03e9e01b99c98a7,2026-07-23
PIVOT-0159,65056daa-83ad-4f81-bcf9-6c53fa6984c9,5,broad_negative,95411,100,954.11,False,False,False,0,True,True,False,b6c21ee3ceb0791e8e986f78f9ce817fb86f1a65deaff15eaf9e0971a9d145a4,2502d2ceaea74d54a12035718dfc5963a533fbad3bc5c8b893d83c2721f4c52a,20260723,talkpl-ai/TalkPlayData-Challenge-Dataset,0c9db04e7549bc35,talkpl-ai/TalkPlayData-Challenge-Track-Metadata,292f7c9ef0e88892,8551f53006f8cb7603412eec5ad707eb4b8e0a9487edcdfbf03e9e01b99c98a7,2026-07-23
PIVOT-0160,4d657fe6-cf3e-4221-b565-11e4f7f78506,6,broad_positive_high_conflict,4899,50,97.98,True,False,False,0,True,True,True,c1b46396d13f09c8e6b30a594234430c369db2d01d09b2f793f8ff74df7fdfb4,0c3f962a14f6347688e45bff98e0c25bce0505c6d14d6a2566c1dc9587a0d8e5,20260723,talkpl-ai/TalkPlayData-Challenge-Dataset,0c9db04e7549bc35,talkpl-ai/TalkPlayData-Challenge-Track-Metadata,292f7c9ef0e88892,8551f53006f8cb7603412eec5ad707eb4b8e0a9487edcdfbf03e9e01b99c98a7,2026-07-23
PIVOT-0161,f9701fbd-a286-4845-b3c1-05ce9a0483df,8,broad_positive_high_conflict,4899,50,97.98,True,False,False,0,True,True,True,bee911c24d34d05c10442ea4ccdb399b82900add4f90cc1e1683f9e481a8e94f,415f2180cd7c7f9d1cffee2e91e063867d2758536d085b95e09eee22cd2b4245,20260723,talkpl-ai/TalkPlayData-Challenge-Dataset,0c9db04e7549bc35,talkpl-ai/TalkPlayData-Challenge-Track-Metadata,292f7c9ef0e88892,8551f53006f8cb7603412eec5ad707eb4b8e0a9487edcdfbf03e9e01b99c98a7,2026-07-23
PIVOT-0162,4c980d0b-1f5a-43dc-93ae-f7ccb5d215fd,4,broad_positive_other,6083,50,121.66,True,False,False,1,True,True,False,e45668fdd02179bc35f318bffb8df451abfdbfb125f9332db370fa937f6fdd4e,3891884e556158cedc2a9fd1e7473695e43a7e4974a18d672871b4191d94e18b,20260723,talkpl-ai/TalkPlayData-Challenge-Dataset,0c9db04e7549bc35,talkpl-ai/TalkPlayData-Challenge-Track-Metadata,292f7c9ef0e88892,8551f53006f8cb7603412eec5ad707eb4b8e0a9487edcdfbf03e9e01b99c98a7,2026-07-23
PIVOT-0163,d1bfc386-e84d-4057-8bce-684d62b5962a,2,broad_positive_other,6083,50,121.66,True,False,False,1,,True,False,26f9e3b96ce91bee9af0c37def838fecfb8778da1fd141e368b8df836cebd9e6,dbc687ad476d737724cecfeebdac7db3b95d773ac13ac5b4c39d57e9a90947d9,20260723,talkpl-ai/TalkPlayData-Challenge-Dataset,0c9db04e7549bc35,talkpl-ai/TalkPlayData-Challenge-Track-Metadata,292f7c9ef0e88892,8551f53006f8cb7603412eec5ad707eb4b8e0a9487edcdfbf03e9e01b99c98a7,2026-07-23
PIVOT-0164,80379c71-4a50-4d08-931f-16065e424e9b,6,broad_positive_high_conflict,4899,50,97.98,True,True,True,0,True,True,True,2c00ed7799cceb78ac66eea7125ebcdc76214044c4b050e9362ad65c4110f0e1,b811f8440f4cc4b45f7902a0a2f1d46d2572c36b23f2c3b21bd3f21fead57ef1,20260723,talkpl-ai/TalkPlayData-Challenge-Dataset,0c9db04e7549bc35,talkpl-ai/TalkPlayData-Challenge-Track-Metadata,292f7c9ef0e88892,8551f53006f8cb7603412eec5ad707eb4b8e0a9487edcdfbf03e9e01b99c98a7,2026-07-23
PIVOT-0165,189cedd9-8821-4fb8-92a5-ba99c25952f5,5,broad_positive_high_conflict,4899,50,97.98,True,True,True,0,True,True,True,67ded07288d5ceffe69b29fb2d71fa09a68cd9e7b1b20bfd5cadfc9481455cc6,ccb44ba62112172332318f04c0df03af212dcbb55fb9e4067f0791db7fe46010,20260723,talkpl-ai/TalkPlayData-Challenge-Dataset,0c9db04e7549bc35,talkpl-ai/TalkPlayData-Challenge-Track-Metadata,292f7c9ef0e88892,8551f53006f8cb7603412eec5ad707eb4b8e0a9487edcdfbf03e9e01b99c98a7,2026-07-23
PIVOT-0166,8e944227-4176-438b-85b6-00f674064405,7,broad_negative,95411,100,954.11,False,False,False,0,True,True,False,618475c64f564aea3b0f6cdb831f4fb71d833dca1b02834cc0aa2bfb4f3f725d,210a7f046de90cb5afd3eafd6f222dec4e99dab5c3fc7db9342470bbf81daae4,20260723,talkpl-ai/TalkPlayData-Challenge-Dataset,0c9db04e7549bc35,talkpl-ai/TalkPlayData-Challenge-Track-Metadata,292f7c9ef0e88892,8551f53006f8cb7603412eec5ad707eb4b8e0a9487edcdfbf03e9e01b99c98a7,2026-07-23
PIVOT-0167,bf71bf17-8c8a-4122-8476-84c0de12b887,8,broad_positive_high_conflict,4899,50,97.98,True,True,True,0,True,True,True,f6b46f36045f89c237115628e85bb998ec6f7fe34fdd64b9c840dfbb01cfaa7b,36e47f8d43030bd6a7ca7ee746052845001b3d191aa9ca156754347c48e3bcbb,20260723,talkpl-ai/TalkPlayData-Challenge-Dataset,0c9db04e7549bc35,talkpl-ai/TalkPlayData-Challenge-Track-Metadata,292f7c9ef0e88892,8551f53006f8cb7603412eec5ad707eb4b8e0a9487edcdfbf03e9e01b99c98a7,2026-07-23
PIVOT-0168,3ee97292-3d32-4553-97d5-9a489854633f,8,broad_positive_high_conflict,4899,50,97.98,True,True,False,0,True,True,True,db827812d363895f54765bf070ef9320aea818298eb07ad24d5c09aeebccce69,21ce99ff52596b79239267635c4a346f6b42c8a32ccee26f1893572d0546fc88,20260723,talkpl-ai/TalkPlayData-Challenge-Dataset,0c9db04e7549bc35,talkpl-ai/TalkPlayData-Challenge-Track-Metadata,292f7c9ef0e88892,8551f53006f8cb7603412eec5ad707eb4b8e0a9487edcdfbf03e9e01b99c98a7,2026-07-23
PIVOT-0169,ef25f7ca-22ed-4719-a2e6-447409505361,7,broad_positive_other,6083,50,121.66,True,True,True,1,True,False,False,ec316155a5b6ba1f85c300d2801f6de60674f9f777208a00fe79bda6e2f6f41f,ed50fb2f58c789cf712647ad23bc8f18c58093a935f3ae2ad9c0af7b6bd5c87f,20260723,talkpl-ai/TalkPlayData-Challenge-Dataset,0c9db04e7549bc35,talkpl-ai/TalkPlayData-Challenge-Track-Metadata,292f7c9ef0e88892,8551f53006f8cb7603412eec5ad707eb4b8e0a9487edcdfbf03e9e01b99c98a7,2026-07-23
PIVOT-0170,7cf9878f-426d-4c43-aa7c-9e8588851717,4,broad_negative,95411,100,954.11,False,False,False,0,False,False,False,c0f9d1f597f81b8cceafeee8027149943fe8b558c785e77500a56b3c238fddfa,25936bd66db114299413e7bfab0642b6c066c9b1a70944c00333f17ab6673b61,20260723,talkpl-ai/TalkPlayData-Challenge-Dataset,0c9db04e7549bc35,talkpl-ai/TalkPlayData-Challenge-Track-Metadata,292f7c9ef0e88892,8551f53006f8cb7603412eec5ad707eb4b8e0a9487edcdfbf03e9e01b99c98a7,2026-07-23
PIVOT-0171,4be78191-26cc-4951-bd54-7e5880df863d,5,broad_positive_high_conflict,4899,50,97.98,True,True,True,0,True,True,True,c88df899ebeadfbe120f1766428d134837375399b25da6c92f589b6a422879f2,7e650812137b20ffcecc7cb2a11a9f7ca59b83ff8cb9f938c1b2af3820de6727,20260723,talkpl-ai/TalkPlayData-Challenge-Dataset,0c9db04e7549bc35,talkpl-ai/TalkPlayData-Challenge-Track-Metadata,292f7c9ef0e88892,8551f53006f8cb7603412eec5ad707eb4b8e0a9487edcdfbf03e9e01b99c98a7,2026-07-23
PIVOT-0172,d3eb980f-c6ad-422d-80b8-594b81514a26,7,broad_positive_high_conflict,4899,50,97.98,True,False,False,0,True,True,True,84044701a6b00115991d1c5bed1e0c19b8044d9224a578fd2d577d2104ce780d,fd19e81ce1180ee99984fbfa2773aefb9d99836b1d035ce6b95ab8106a4170ca,20260723,talkpl-ai/TalkPlayData-Challenge-Dataset,0c9db04e7549bc35,talkpl-ai/TalkPlayData-Challenge-Track-Metadata,292f7c9ef0e88892,8551f53006f8cb7603412eec5ad707eb4b8e0a9487edcdfbf03e9e01b99c98a7,2026-07-23
PIVOT-0173,1d8a8a8e-6d2e-4f8b-bd8c-d6dfeeb7e7ba,5,broad_negative,95411,100,954.11,False,False,False,1,True,True,False,ea1398a8dda9a3ca6cd6ae552e3bbe3d431c5b2a6122d06d06f1d59cad4d8f7a,e2fade04b3461dd681312436628c603071d641d0a74425be91e15584af8238e3,20260723,talkpl-ai/TalkPlayData-Challenge-Dataset,0c9db04e7549bc35,talkpl-ai/TalkPlayData-Challenge-Track-Metadata,292f7c9ef0e88892,8551f53006f8cb7603412eec5ad707eb4b8e0a9487edcdfbf03e9e01b99c98a7,2026-07-23
PIVOT-0174,0b477fcb-00ce-405f-9ce7-e521f0a10f38,7,broad_positive_high_conflict,4899,50,97.98,True,True,True,0,True,True,True,59f1c97e50228d00c71d3089017fc7d59cdfbfdeba60afdabe8dd5c815d80cec,4817b68fa7102a86ff6d7b0fd84d87e120432fa7cb0abd5ccbccd6201cf8c466,20260723,talkpl-ai/TalkPlayData-Challenge-Dataset,0c9db04e7549bc35,talkpl-ai/TalkPlayData-Challenge-Track-Metadata,292f7c9ef0e88892,8551f53006f8cb7603412eec5ad707eb4b8e0a9487edcdfbf03e9e01b99c98a7,2026-07-23
PIVOT-0175,6d8b8575-3a4e-45c8-85ab-68c19f344dcb,4,broad_negative,95411,100,954.11,False,False,False,1,True,True,False,c416fa75786d98bc7648f8fc8899966eb7c5ed6f694ffc165f16e95bc45e72f2,b646c21c43eeef22e1d0428bdac29c92ec2389b4bfcc8038708bd375c379bfe3,20260723,talkpl-ai/TalkPlayData-Challenge-Dataset,0c9db04e7549bc35,talkpl-ai/TalkPlayData-Challenge-Track-Metadata,292f7c9ef0e88892,8551f53006f8cb7603412eec5ad707eb4b8e0a9487edcdfbf03e9e01b99c98a7,2026-07-23
PIVOT-0176,485de962-b9c9-4ba8-826d-312a1b03eed2,4,broad_positive_high_conflict,4899,50,97.98,True,True,True,0,True,True,True,5f50be48eddf21f49bc56f4b299912cc5777efc3a8d7cb1f130cb8caa9eeb151,a581dc0fd58272b46a402f103f34f7e72d55633e38cffa4094d1d3b73a2c2ed1,20260723,talkpl-ai/TalkPlayData-Challenge-Dataset,0c9db04e7549bc35,talkpl-ai/TalkPlayData-Challenge-Track-Metadata,292f7c9ef0e88892,8551f53006f8cb7603412eec5ad707eb4b8e0a9487edcdfbf03e9e01b99c98a7,2026-07-23
PIVOT-0177,5f4d883e-9ab8-4289-889e-9141df40a8ff,2,broad_negative,95411,100,954.11,False,False,False,0,,True,False,7572175b5d4756cce986a03bab8fda478412095e044e9caf7b1c18e749d3155b,a40922f741fb6055075d06d6526b4b3f4d4ec733012f23176ae3af8c9ca35e68,20260723,talkpl-ai/TalkPlayData-Challenge-Dataset,0c9db04e7549bc35,talkpl-ai/TalkPlayData-Challenge-Track-Metadata,292f7c9ef0e88892,8551f53006f8cb7603412eec5ad707eb4b8e0a9487edcdfbf03e9e01b99c98a7,2026-07-23
PIVOT-0178,5d3ecbb1-9546-485b-ad90-6a6c8f074546,5,broad_negative,95411,100,954.11,False,False,False,0,True,False,False,d0adc676a1aa4924a7f61eac6ef6c901c9192739c02b2fe06b6fff1333bde73f,bac511bd8bc4c0a7ec6d13b92c0b84cb1085a009fd3a3989457e3c1657d3277f,20260723,talkpl-ai/TalkPlayData-Challenge-Dataset,0c9db04e7549bc35,talkpl-ai/TalkPlayData-Challenge-Track-Metadata,292f7c9ef0e88892,8551f53006f8cb7603412eec5ad707eb4b8e0a9487edcdfbf03e9e01b99c98a7,2026-07-23
PIVOT-0179,192e19d5-f647-47c2-bf71-0d1f2fd43ee6,6,broad_negative,95411,100,954.11,False,False,False,1,True,False,False,e24d533cde8eb5fad3d959d0c45da0e99180e27f9ce0d7349962f2eca5146c3f,2734f5f165355704874073447e6ee14f97ced0af549b2d9e0692a91c52aa14d6,20260723,talkpl-ai/TalkPlayData-Challenge-Dataset,0c9db04e7549bc35,talkpl-ai/TalkPlayData-Challenge-Track-Metadata,292f7c9ef0e88892,8551f53006f8cb7603412eec5ad707eb4b8e0a9487edcdfbf03e9e01b99c98a7,2026-07-23
PIVOT-0180,d67470da-c8ba-493e-be5f-4a908e05733a,4,broad_negative,95411,100,954.11,False,False,False,0,True,True,False,7deabc1d05a5f7be78151fe55ff8b4b8f9ae8dbcdc813bffa0af08202487c347,1ba5c2b06dbf088430189c843ee62a21d1c5614be912c44625e04d7551b38984,20260723,talkpl-ai/TalkPlayData-Challenge-Dataset,0c9db04e7549bc35,talkpl-ai/TalkPlayData-Challenge-Track-Metadata,292f7c9ef0e88892,8551f53006f8cb7603412eec5ad707eb4b8e0a9487edcdfbf03e9e01b99c98a7,2026-07-23
PIVOT-0181,c693d99e-ec77-48ba-ad8f-b7a701635569,3,broad_positive_high_conflict,4899,50,97.98,True,False,False,0,True,True,True,298ae15e888aa2e11a2a5f127058e6be55c9a8d5382fd519ba17995b3df026f3,a0ed35eca5086f52adcd10a0fbb8ccb711fa38e43457b2b366d075ec81e1842a,20260723,talkpl-ai/TalkPlayData-Challenge-Dataset,0c9db04e7549bc35,talkpl-ai/TalkPlayData-Challenge-Track-Metadata,292f7c9ef0e88892,8551f53006f8cb7603412eec5ad707eb4b8e0a9487edcdfbf03e9e01b99c98a7,2026-07-23
PIVOT-0182,7828457b-9c06-4729-8ebe-ee132e073123,6,broad_negative,95411,100,954.11,False,False,False,1,True,True,False,ed7cc84ebbf8fc8c3987c233472602a8f1a31cabe58666e04baf1ff6ba49c2b5,ea68ec105955652f60972b75b1bf93817089f4261983cf498e755894eda5300a,20260723,talkpl-ai/TalkPlayData-Challenge-Dataset,0c9db04e7549bc35,talkpl-ai/TalkPlayData-Challenge-Track-Metadata,292f7c9ef0e88892,8551f53006f8cb7603412eec5ad707eb4b8e0a9487edcdfbf03e9e01b99c98a7,2026-07-23
PIVOT-0183,8f64316b-10b1-4c00-823b-f68ec2a59a59,6,broad_negative,95411,100,954.11,False,False,False,1,False,True,False,77a666114f2db7d68c53034d8059a847bac3ce361a7d9547bf9e1d8779d1b195,ba8378e6414a4ec269cafae56178b259a06698ecd21bac64e2e2f8899d30283c,20260723,talkpl-ai/TalkPlayData-Challenge-Dataset,0c9db04e7549bc35,talkpl-ai/TalkPlayData-Challenge-Track-Metadata,292f7c9ef0e88892,8551f53006f8cb7603412eec5ad707eb4b8e0a9487edcdfbf03e9e01b99c98a7,2026-07-23
PIVOT-0184,0d666b73-8598-4bd6-97f4-677b5709d966,3,broad_negative,95411,100,954.11,False,True,False,1,True,True,False,0bd071e248671b049323b4562ba766987a63a6aa1c818221330e074518544c15,3e9e0d1e3c4c6626f80718980d6e80766c2e73573c63fa7edee42e8b3c572132,20260723,talkpl-ai/TalkPlayData-Challenge-Dataset,0c9db04e7549bc35,talkpl-ai/TalkPlayData-Challenge-Track-Metadata,292f7c9ef0e88892,8551f53006f8cb7603412eec5ad707eb4b8e0a9487edcdfbf03e9e01b99c98a7,2026-07-23
PIVOT-0185,d5e08f75-a116-4d6a-bce7-850315078047,7,broad_positive_other,6083,50,121.66,True,True,False,1,True,True,False,4e694353fbd84992006ec9859eaa680bb80831ecebeb17134e9006d4fc15eaa8,b159ca8433c2647c8dacf42b65f5d249a080fd53ae88799563c1e4691739f599,20260723,talkpl-ai/TalkPlayData-Challenge-Dataset,0c9db04e7549bc35,talkpl-ai/TalkPlayData-Challenge-Track-Metadata,292f7c9ef0e88892,8551f53006f8cb7603412eec5ad707eb4b8e0a9487edcdfbf03e9e01b99c98a7,2026-07-23
PIVOT-0186,e541b0f0-adb4-455e-95ba-acec194b59f9,5,broad_positive_other,6083,50,121.66,True,True,True,1,False,False,False,d61f4331dda1f7674976a0e9c7c7b30eea425bbb2a2469e1f09b05f79ba82498,07fb4318df75a5321f8576c02c7cb586eda97ee8bc398800d50cf30d27ac8507,20260723,talkpl-ai/TalkPlayData-Challenge-Dataset,0c9db04e7549bc35,talkpl-ai/TalkPlayData-Challenge-Track-Metadata,292f7c9ef0e88892,8551f53006f8cb7603412eec5ad707eb4b8e0a9487edcdfbf03e9e01b99c98a7,2026-07-23
PIVOT-0187,d17e6a1d-6428-41b4-a190-d513dccda599,6,broad_negative,95411,100,954.11,False,False,False,1,True,True,False,f734ae53486d9ac30e2afdc1d8a7e48932f3b52a383745c2e2438e865edff229,d8a38f887bebc5f904a941bae796e5ecb37a54e674402bf0848916dad4ab8bb6,20260723,talkpl-ai/TalkPlayData-Challenge-Dataset,0c9db04e7549bc35,talkpl-ai/TalkPlayData-Challenge-Track-Metadata,292f7c9ef0e88892,8551f53006f8cb7603412eec5ad707eb4b8e0a9487edcdfbf03e9e01b99c98a7,2026-07-23
PIVOT-0188,79109e59-51e5-448a-bd76-878db428798b,4,broad_negative,95411,100,954.11,False,False,False,0,True,True,False,575fa8098f4a4bab53f74060c3e928c6c98e8e9ef0a4adeb58d3a481e9e2f0b3,6a4f71325e2e3da45c7a3ef6bea357f45dabf6c773475f762c9df9b44d4ec359,20260723,talkpl-ai/TalkPlayData-Challenge-Dataset,0c9db04e7549bc35,talkpl-ai/TalkPlayData-Challenge-Track-Metadata,292f7c9ef0e88892,8551f53006f8cb7603412eec5ad707eb4b8e0a9487edcdfbf03e9e01b99c98a7,2026-07-23
PIVOT-0189,aff77ddc-4356-4b07-8821-b728dd0ccf09,3,broad_negative,95411,100,954.11,False,False,False,0,True,False,False,96c87a9d784c14ef7d578b31b2a57e17d4831a7341b758ba7c1ee278398e461a,ffd5eb633d58d184d6a7a3666f110adec5a7578698da5acc5ceffa1408d1703b,20260723,talkpl-ai/TalkPlayData-Challenge-Dataset,0c9db04e7549bc35,talkpl-ai/TalkPlayData-Challenge-Track-Metadata,292f7c9ef0e88892,8551f53006f8cb7603412eec5ad707eb4b8e0a9487edcdfbf03e9e01b99c98a7,2026-07-23
PIVOT-0190,d49c184e-65f7-43a3-afb7-9505d41ae8a9,6,broad_positive_other,6083,50,121.66,True,True,True,1,True,True,False,5a1b1402ae74c77ced0eaa54a68b7897b61e1fc3bbacc5d282b5a7d1814fa1ae,e585476be062d078508892eabf047c542414588867c6e9bce91e1a71f521a2e3,20260723,talkpl-ai/TalkPlayData-Challenge-Dataset,0c9db04e7549bc35,talkpl-ai/TalkPlayData-Challenge-Track-Metadata,292f7c9ef0e88892,8551f53006f8cb7603412eec5ad707eb4b8e0a9487edcdfbf03e9e01b99c98a7,2026-07-23
PIVOT-0191,3438ccfd-47f3-4684-b144-6107f5bd52fb,6,broad_negative,95411,100,954.11,False,False,False,1,True,True,False,d34795f3dc0124012c08aa91163e50c72b5f015085ed6afc6deda7222e2cd8bd,a1a7f9dde1f613398d18918c63028337e834691c546f8f77506700432cb1bccf,20260723,talkpl-ai/TalkPlayData-Challenge-Dataset,0c9db04e7549bc35,talkpl-ai/TalkPlayData-Challenge-Track-Metadata,292f7c9ef0e88892,8551f53006f8cb7603412eec5ad707eb4b8e0a9487edcdfbf03e9e01b99c98a7,2026-07-23
PIVOT-0192,4f16e6be-1fe8-4dff-9b4a-02886c17261c,8,broad_positive_other,6083,50,121.66,True,True,True,1,True,True,False,7cf596eec99013f2ae5479c742f5d309cdc86d9f0f02a054fb63743c967106c3,fae8e3bce03d0954c33d016b8bda1cdc58f970063c669ca00565b7fb0875cd6a,20260723,talkpl-ai/TalkPlayData-Challenge-Dataset,0c9db04e7549bc35,talkpl-ai/TalkPlayData-Challenge-Track-Metadata,292f7c9ef0e88892,8551f53006f8cb7603412eec5ad707eb4b8e0a9487edcdfbf03e9e01b99c98a7,2026-07-23
PIVOT-0193,c4566b43-d59b-44d4-ba2e-c63fb1fcb2ce,8,broad_negative,95411,100,954.11,False,False,False,0,False,False,False,00db65f3df2fad803cdba8a6a00446185a4c4c84f78d3f4b2dc61e1e488ee1b1,a3bbada23460d97e54d1e6c76d0e7b632558750a98c83d5048d66a3249a30b32,20260723,talkpl-ai/TalkPlayData-Challenge-Dataset,0c9db04e7549bc35,talkpl-ai/TalkPlayData-Challenge-Track-Metadata,292f7c9ef0e88892,8551f53006f8cb7603412eec5ad707eb4b8e0a9487edcdfbf03e9e01b99c98a7,2026-07-23
PIVOT-0194,eaf73333-40c9-4fe9-b927-bafc1d21693f,4,broad_positive_high_conflict,4899,50,97.98,True,True,True,0,True,True,True,7ff451bbb86a0cbcfb57c4e76e27e8901fb974a30a9bd118a971a504c2e66f8b,95477e7b22142aa49ff9e39364083b38faad127ec5e8aee2393e56510c56ba57,20260723,talkpl-ai/TalkPlayData-Challenge-Dataset,0c9db04e7549bc35,talkpl-ai/TalkPlayData-Challenge-Track-Metadata,292f7c9ef0e88892,8551f53006f8cb7603412eec5ad707eb4b8e0a9487edcdfbf03e9e01b99c98a7,2026-07-23
PIVOT-0195,90e57d24-d754-4f71-a5a2-5785fadd1449,8,broad_positive_other,6083,50,121.66,True,True,True,1,False,False,False,777a5d265c01c9cdeb80004f3c473bd0d16c31530a2626f257c55426d31dc09e,8a06a40756404992fc580c08bf84c630a5a79b1df45b3ecc7f071bd709e0a6eb,20260723,talkpl-ai/TalkPlayData-Challenge-Dataset,0c9db04e7549bc35,talkpl-ai/TalkPlayData-Challenge-Track-Metadata,292f7c9ef0e88892,8551f53006f8cb7603412eec5ad707eb4b8e0a9487edcdfbf03e9e01b99c98a7,2026-07-23
PIVOT-0196,ecbc6741-f6b3-4092-a979-fbe49d7d0676,4,broad_positive_high_conflict,4899,50,97.98,True,True,False,0,True,True,True,cbde08a6a331e15cddd4596f907e5036e9beb91a7d9c69d0e8343001ca0ae5cf,ab7a028898b3a5139613e707c34def1a44b4245f82d5a6d3a41ca26c6bd1d152,20260723,talkpl-ai/TalkPlayData-Challenge-Dataset,0c9db04e7549bc35,talkpl-ai/TalkPlayData-Challenge-Track-Metadata,292f7c9ef0e88892,8551f53006f8cb7603412eec5ad707eb4b8e0a9487edcdfbf03e9e01b99c98a7,2026-07-23
PIVOT-0197,51699b93-8878-4eb9-9176-df72c500fbb8,7,broad_positive_other,6083,50,121.66,True,True,True,1,True,True,False,4ab9d5e3591cc7e72497425bce1eafcbcc4b912686fb71726bd55209e4b12ac0,b8bc19e8f8d3531f1a758cd42049b2a7c3480b73359aa45116f829686d122a8d,20260723,talkpl-ai/TalkPlayData-Challenge-Dataset,0c9db04e7549bc35,talkpl-ai/TalkPlayData-Challenge-Track-Metadata,292f7c9ef0e88892,8551f53006f8cb7603412eec5ad707eb4b8e0a9487edcdfbf03e9e01b99c98a7,2026-07-23
PIVOT-0198,42a7975a-51e2-4809-935f-1568c1bcf3e8,4,broad_negative,95411,100,954.11,False,False,False,0,True,True,False,d3741c5000ee43311513825d63554ba9a34e25a52c8781414c0aacdf69125982,bb3dd7363ad05a5320dcbd03c663582fdb545e1547272fac1fd4e885b3bd15a8,20260723,talkpl-ai/TalkPlayData-Challenge-Dataset,0c9db04e7549bc35,talkpl-ai/TalkPlayData-Challenge-Track-Metadata,292f7c9ef0e88892,8551f53006f8cb7603412eec5ad707eb4b8e0a9487edcdfbf03e9e01b99c98a7,2026-07-23
PIVOT-0199,d6750402-b67c-4545-9727-5a873bc4f28b,4,broad_negative,95411,100,954.11,False,False,False,0,False,False,False,68b28d4d1fd714965fb26ce7bfb74450c7fd3c599d4823ed02d6fdc4375a18f8,63855ccbff8f3ad62879f65804822168126124358a4ce3e36bd70c4361a5ec82,20260723,talkpl-ai/TalkPlayData-Challenge-Dataset,0c9db04e7549bc35,talkpl-ai/TalkPlayData-Challenge-Track-Metadata,292f7c9ef0e88892,8551f53006f8cb7603412eec5ad707eb4b8e0a9487edcdfbf03e9e01b99c98a7,2026-07-23
PIVOT-0200,23163570-10ae-4ad5-b700-c793abcc6740,7,broad_positive_high_conflict,4899,50,97.98,True,True,True,0,True,False,True,ba9ac1582e8862f3fa27a2b183e7f7b1baffe21f228b4904b35fd50af1682593,c3610e244daba357d50ab319b5cbd1ad0859bb83eeb906e828513560a7978547,20260723,talkpl-ai/TalkPlayData-Challenge-Dataset,0c9db04e7549bc35,talkpl-ai/TalkPlayData-Challenge-Track-Metadata,292f7c9ef0e88892,8551f53006f8cb7603412eec5ad707eb4b8e0a9487edcdfbf03e9e01b99c98a7,2026-07-23
